rank,score,record_id,patent_id,domain,title,abstract,candidate_type,source
1,0.9,32263688,32263688,hydrogen-storage-technology-ablnocorp,Hydrogen storage alloy for battery,"&lt;P&gt;PROBLEM TO BE SOLVED: To provide a hydrogen storage alloy for batteries.  &lt;P&gt;SOLUTION: The hydrogen storage alloy is an alloy which is expressed by a formula (Mm)B&lt;SB&gt;5&lt;/SB&gt;, where the Mm is La, Ce, Pr, Nd metal and/or an alloy containing these and in which the molar ratio of La is 0.45 to 0.47, the molar ratio of Ce is 0.36 to 0.40, the molar ratio of Pr is 0.03 to 0.04 and the molar ratio of Nd is 0.10 to 0.12. The B is Ni, Co, Mn, Al metal and/or an alloy containing these and in which the molar ratio of Ni is 3.47 to 3.57, the molar ratio of Co is 0.71 to 0.76, the molar ratio of Mn is 0.39 to 0.43 and the molar ratio of Al is 0.28 to 0.29. Also, the electrochemical capacity of the hydrogen storage alloy is 325 to 340 mAh/g.  &lt;P&gt;COPYRIGHT: (C)2004,JPO",positive,in_domain
2,0.9,45934325,45934325,hydrogen-storage-technology-ablnocorp,High-Capacity Complex Hydrogen Storage Materials and a Process of Releasing Hydrogen,"Disclosed herein provide compositions and hydrogen release methods for a high-capacity complex hydrogen storage material. The hydrogen storage material is mainly composed of metal borohydride and NH 3 . The invention advantageously adopt ammonia, one cheap and easily supplied material with high hydrogen content (17.6 wt %), as one of the hydrogen source, offering a safe and efficient way to store hydrogen and release hydrogen. Furthermore, the hydrogen storage material can be further catalyzed by a transition metal catalyst to improve the dehydrogenation kinetics. With the addition of catalyst, 0.2-10 equiv. H 2  could be evolved at −100˜600° C., which might be applied on vehicles which are fueled by hybrid or fuel cell.",positive,in_domain
3,0.9,73308522,73308522,hydrogen-storage-technology-ablnocorp,Boil-off gas recovery system of hydrogenation station,"The invention relates to the technical field of hydrogenation stations, and discloses an evaporated gas recovery system of a hydrogenation station. The boil-off gas recovery system of the hydrogen filling station comprises a hydrogen storage tank, a hydrogen liquefying system, a liquid hydrogen gasifying system, a liquid hydrogen filling system, a hydrogen filling system and a hydrogen cache system, wherein the hydrogen storage tank comprises a liquid hydrogen storage space and a low-temperature gas phase space, the inlet end of the hydrogen liquefying system is respectively communicated with the liquid hydrogen storage space and the low-temperature gas phase space, the outlet end of the hydrogen liquefying system is respectively communicated with the liquid hydrogen filling system and the liquid hydrogen gasifying system, the outlet end of the liquid hydrogen gasifying system is communicated with the hydrogen filling system, the hydrogen filling system is communicated with the low-temperature gas phase space, the hydrogen cache system is connected in parallel on a pipeline communicated with the hydrogen filling system and the low-temperature gas phase space, and the hydrogen cache system is communicated with the. The boil-off gas recovery system of the hydrogen filling station can realize mixed filling, can fully recycle the hydrogen boil-off gas in the station, and realizes energy conservation and emission reduction.",positive,in_domain
4,0.9,38589831,38589831,hydrogen-storage-technology-ablnocorp,Hydrogen storage material and its production method,"&lt;P&gt;PROBLEM TO BE SOLVED: To provide a new hydrogen storage material and its production method in which a hydrogen desorption temperature is low.  &lt;P&gt;SOLUTION: A first hydrogen storage material, which has nano-structurized and hydrocabonized boron nitride as a skeleton and desorbs hydrogen by heating, is obtained by crushing hexagonal boron nitride under a hydrocarbon gas atmosphere so that the long period crystal structure is minute. Further, a second hydrogen storage material, which is lower than the first hydrogen storage material in hydrogen desorption temperature and is depressed in generation of hydrocarbon, is obtained by crush mixing the first storage material and lithium hydride under Ar gas atmosphere.  &lt;P&gt;COPYRIGHT: (C)2007,JPO&amp;INPIT",positive,in_domain
5,0.9,43485639,43485639,hydrogen-storage-technology-ablnocorp,System and method for supplying hydrogen and hydrogen fuel cell system.,"A system and a method for supplying hydrogen and a hydrogen fuel cell system are provided. The system for supplying hydrogen includes a hydrogen infusing unit and a hydrogen supply unit (100) which comprises a hydrogen storage unit (1), a hydrogen conveying unit (2) and a charging apparatus (3) connected with the hydrogen storage unit, wherein the charging apparatus (3) comprises a charging opening (31) matched with the hydrogen infusing unit which comprises an infusing apparatus matched with the charging opening (31). The external infusing apparatus uses the charging opening (31) to infuse hydrogen to the hydrogen storage container contained in the hydrogen storage unit, which avoids replacement of the hydrogen storage container (13) during the entire infusing process, and enables the intensively supplementing hydrogen period in a convenient and fast manner.",positive,in_domain
6,0.9,49023716,49023716,hydrogen-storage-technology-ablnocorp,Parahydrogen adiabatic conversion refrigerating device,"The utility model provides a parahydrogen adiabatic conversion refrigerating device. The refrigerating device mainly comprises a liquid hydrogen storing tank, a converter, a catalyst, a throttling hole, a hydrogen guiding pipe, a condensing heat exchanger, an emptying leading-out pipe and a valve, wherein the converter, the throttling hole, the hydrogen guiding pipe and the condensing heat exchanger are mounted at the top end of the inside of the liquid hydrogen storing tank; a parahydrogen conversion catalyst is contained in the converter; one end of the throttling hole is connected with the converter while the other end is connected with the hydrogen guiding pipe; two ends of the condensing heat exchanger are respectively connected with the hydrogen guiding pipe and the emptying leading-out pipe; and the emptying leading-out pipe extends out of the liquid hydrogen storing tank and is connected with the valve. According to the refrigerating device, the parahydrogen in the storing tank can be converted into orthohydrogen; and the hydrogen in the tank is liquefied partially by utilizing the converted refrigerating energy, so that the evaporation loss of the liquid hydrogen storage is reduced. The refrigerating device is free of requiring a moving component and extra power and is high in reliability, thereby being widely applied to the liquid hydrogen storage on the ground and in the space.",positive,in_domain
7,0.9,40892215,40892215,hydrogen-storage-technology-ablnocorp,ADIABATIC TANK FOR METAL HYDRIDE,,positive,in_domain
8,0.9,41167339,41167339,hydrogen-storage-technology-ablnocorp,System of keeping and supply of hydrogen,"FIELD: machine building, keeping liquids and gases. 
     SUBSTANCE: invention refers to hydrogen energy industry, i.e. to accumulating, keeping and releasing of hydrogen for utilisation in transport and stationary power installations. The technical result is achieved by manufacture of a package of micro-capillaries in the system of keeping and supply of hydrogen in form of a cylinder bottle-shaped figure. The package is sealed from the cylinder part end of a bigger radius and is opened at neck part located in the case of a valve point with the installed drive of a needle valve; neck-type part of the package is secured in an input channel of the valve point case wherein the needle valve is located; the needle valve is controlled with a mechanism built-in into the body of the valve point. Diametre of the neck part of micro-capillaries package from the side of their open ends is 0.05-0.10 of diametre of the cylinder part of the package, while an aspect number of micro-capillaries in neck and cylinder parts is within ranges of 0.01-0.10. 
     EFFECT: increased specific capacity of cartridge for gaseous hydrogen, reduced time of hydrogen releasing and charging cartridge with hydrogen at any ambient temperature; control over process of hydrogen releasing, increased reliability of operation of system of release and charging cartridge with hydrogen, reduced power costs for charge and release of hydrogen and elimination of hydrogen leaks from cartridges. 
     2 cl, 3 dwg",positive,in_domain
9,0.9,13462557,13462557,hydrogen-storage-technology-ablnocorp,Production of hydrogen occlusion alloy powder and negative electrode for nickel-hydr0gen battery formed by using this powder,"PROBLEM TO BE SOLVED: To significantly improve the hydrogen storage rate of a hydrogen storage alloy powder, to improve the electrochemical characteristics when the powder is used for a battery, and to prevent the powder from deteriorating the battery characteristics for a long time. Disclosed is a method for producing a hydrogen storage alloy powder that enables storage, and a negative electrode for a Ni hydrogen battery using the powder. SOLUTION: The powder produced by using the gas atomization method is heat-treated, immersed in water or an alkali solution without being exposed to the atmosphere, and then subjected to surface treatment with an acid solution, thereby producing a hydrogen storage alloy powder. A method and a negative electrode for a nickel-metal hydride battery manufactured by wrapping a paste obtained by mixing a powder and a binder according to the present invention with a nickel mesh and then pressing the paste.",positive,in_domain
10,0.9,34413065,34413065,hydrogen-storage-technology-ablnocorp,"Hydrogen storage material, and its manufacturing method","PROBLEM TO BE SOLVED: To provide a hydrogen storage material comprising a porous substrate and a hydrogen storage material, having excellent hydrogen storage characteristics and capable of being easily formed.   SOLUTION: A hydrogen storage material comprising a porous base material and a hydrogen storage material, the carbon material having a powdery graphite structure as a main component on a porous base material having a solid skeleton 9 having a network structure It is preferable that the hydrogen storage material 5 has a structure in which the hydrogen storage material 5 is dispersed, and the porous substrate is preferably a porous body made of a dry gel of an inorganic oxide having a network structure skeleton. The material is preferably oriented graphite and has a structure having a space inside.   [Selection] Figure 1",positive,in_domain
11,0.9,52080734,52080734,hydrogen-storage-technology-ablnocorp,Rare earth-magnesium-nickel system heterogeneous hydrogen storage alloys used for nickel-hydrogen batteries and preparing method thereof,"The invention discloses rare earth-magnesium-nickel system heterogeneous hydrogen storage alloys used for nickel-hydrogen batteries and a preparing method thereof. The alloys are characterized in that: the general structure formula of the alloys is Ln&lt;a&gt;Mg&lt;b&gt;Ni&lt;x&gt;Y&lt;y&gt;Z&lt;z&gt;, wherein the Ln is at least one element selected from rare earth elements; the Y is at least one element selected from a group comprising Co, Mn, Al, Cu, Nb, V, Fe, Zn, Ti, Cr, As, Ga, Mo, Sn, In, W, Si, B and P; the Z is at least one element selected from a group comprising Ag, Sr, Ge and Au; the a is less than 1 and not less than 0.5; the b is less than 0.5 and more than 0; the x is more than 2.5 and less than 4.5; the y is more than 0 and less than 2; the z is more than 0 and not more than 1; an AB5 phase accounts for 10-90%; an A2B7 phase accounts for 10-90%; and the ratio of other impurity phases is not more than 30%. B side elements are replaced by the Ag, the Sr, the Ge, the Au, and the like, alloy components and an annealing process are optimized, and the ratio of the AB5 phase to the A2B7 phase in the product is adjusted, thus increasing the discharge capacity of the hydrogen storage alloy, prolonging the cycle lifetime of the hydrogen storage alloy, and improving self-discharge and low-temperature properties.",positive,in_domain
12,0.9,11555109,11555109,hydrogen-storage-technology-ablnocorp,Hydrogen storage alloy excellent in initial activity,"PROBLEM TO BE SOLVED: To provide a hydrogen storage alloy having high hydrogen absorbing and releasing velocities, excellent in practical use, and having a superior initial activity. SOLUTION: This hydrogen storage alloy has a composition containing, by atom, 19-30% Ti, 0.5-10% Zr, 0.02-0.4% Hf, 30-42% Mn, 4-13% Cr, 7-17% V, 2-9% Ni, 0.1-3.5% La and/or Ce, and 1-10% oxygen and satisfying Ti(%)+Zr(%)+Hf(%)+Mn(%)+Cr(%)+V(%)+Ni(%)+(La and/or Ce) (%) + oxygen (%)+(inevitable impurities) (%)=100%. Moreover, this hydrogen storage alloy has a structure where hydrogenation and oxidation treatment product phases are dispersedly distributed in matrix phases of Ti-Mn alloy and the hydrogenation and oxidation treatment product phases are constituted essentially of oxides of La(Ce) and La(Ce)-Ni alloy and further has a structure where numerous cracks developing at the time of hydrogenation treatment are present and the hydrogenation and oxidation treatment product phases are exposed in the inner surface of the cracks.",positive,in_domain
13,0.9,26474798,26474798,hydrogen-storage-technology-ablnocorp,Hydrogen storage alloy electrode and sealed nickel hydrogen storage battery using this electrode,"(57) [Abstract] [PROBLEMS] To provide a hydrogen storage alloy electrode having a large discharge capacity, an excellent charge-discharge cycle life, and an excessive increase in the battery internal pressure during rapid charging. A mixture containing a hydrogen storage alloy powder, a styrene-butadiene copolymer in which the weight ratio of styrene and butadiene is 100: 30 to 100, a polymer substance that imparts hydrophilicity to the electrode, and carbon black. A hydrogen storage alloy electrode comprising a punching metal of a conductive support that supports the mixture, and a water repellent that imparts water repellency to the electrode surface. Punching metal is perforated in a perforation pattern in which the apex angle of a triangle formed by connecting the centers of three adjacent holes is an isosceles triangle smaller than both base angles, and at least one pair of relative holes is formed at the end of the perforation part. It has a plain part facing.",positive,in_domain
14,0.85,33468496,33468496,hydrogen-storage-technology-ablnocorp,Storage tank and gaseous hydrogen producing apparatus,"An object of the present invention is to provide a storage tank capable of increasing the pure concentration of a cyclic hydrocarbon as a stored substance, and a hydrogen gas generating device having high use efficiency of a cyclic hydrocarbon and excellent reaction efficiency on a catalyst.   A storage tank (20) having a radiator (30) for storing decalin and naphthalene and cooling and coagulating naphthalene by a cooling pipe (42), and decalin supplied from the storage tank (20) is dehydrated on a heated catalyst. And a reaction tank 10 that performs an elementary reaction to generate hydrogen gas and naphthalene.   [Selection diagram] Fig. 1",positive,in_domain
15,0.85,16453738,16453738,hydrogen-storage-technology-ablnocorp,Alkaline storage battery and manufacture of hydrogen storage alloy electrode for alkaline storage battery,"PURPOSE:To improve the cycle characteristic by using a hydrogen storage alloy as a negative electrode, said hydrogen storage alloy consisting of an intermetallic compound phase capable of occluding and releasing hydrogen reversibly and a pure metal phase or solid solution phase of a particular additive metal. CONSTITUTION:A hydrogen storage alloy, consisting of an intermetallic compound phase capable of occluding and releasing hydrogen reversibly and a pure metal phase or solid solution phase of at least one additive metal selected from among Cd, Sn, Bi, Pb which can be oxidized and reduced in an alkaline aqueous solution, is used as a negative electrode. In this case, the additive metal is oxidized or reduced in the alkaline aqueous solution and achieves bridging effect to bind the hydrogen storage alloy powder together and suppresses the falling-off of the alloy powder from the electrode supporter. The casted alloy has a eutectic structure and is a good electric conductor having a layer structure whose layers are arranged with a spacing of several microns. Thus, by using such a homogeneous hydrogen storage alloy as the negative electrode, the cycle characteristic of an alkaline storage battery can be improved.",positive,in_domain
16,0.85,27327556,27327556,hydrogen-storage-technology-ablnocorp,Method for producing hydrogen storage alloy particles and sealed-type nickel-metal hydride storage battery using the same,"A method for manufacturing hydrogen storage alloy particles comprises steps of obtaining a melt of the hydrogen storage alloy and pulverizing the hydrogen storage alloy by water atomizing process, whereby the melt is pulverized by contacting or colliding with high-speed jetting thereto to be dispersed in the form of solidified fine particles. By employing an aqueous solution of hypophosphorous acid or an alkali aqueous solution in place of water during the water atomizing process, or by etching the oxide films once formed on the surface of the hydrogen storage alloy particles with an aqueous solution of a strong acid, the thickness of the oxide film can be made thinner, and thus a high discharge capacity of a battery configured with a negative electrode comprising the alloy particles can be realized.",positive,in_domain
17,0.85,72929542,72929542,hydrogen-storage-technology-ablnocorp,Vehicle-mounted hydrogen supply system frame for hydrogen fuel logistics vehicle,"The utility model belongs to the technical field of the fuel cell car technique and specifically relates to a hydrogen fuel logistics vehicle carries hydrogen supply system frame. The hydrogen supply system comprises a frame main body, wherein the lower part of the frame main body is a power assembly installation space, the upper part of the frame main body is a hydrogen supply system installation space, and the hydrogen supply system installation space is integrally distributed in an L shape. The utility model has light weight, can greatly reduce the total weight of the vehicle-mounted hydrogen supply system, and meanwhile, the installation space of the hydrogen supply system is integrally distributed in an L shape, thus reducing the space required by the vehicle-mounted hydrogen supply system and effectively reducing the gravity center of the vehicle-mounted hydrogen supply system; in addition, simultaneously, the top of frame main part reserves on-vehicle hydrogen storage bottle installation position, if the continuation of journey of the longer mileage of whole car demand, installs the 4 th on-vehicle hydrogen storage bottle additional at the on-vehicle hydrogen storage bottle installation position at top, reaches four bottles and organizes hydrogen system hydrogen supply ability to effectively increase hydrogen fuel storage capacity, improve the continuation of journey mileage.",positive,in_domain
18,0.85,27238353,27238353,hydrogen-storage-technology-ablnocorp,Method and apparatus for the purification of hydrogen,"Hydrogen gas from an generator (1) is occluded in a hydrogen
recovery container (20), thereafter, in the initial stage during
which hydrogen gas is released from the hydrogen recovery container
(20), initially purged hydrogen gas containing much amount of impure
gas is introduced from the hydrogen recovery container (20) to a gas
tank (2) and saved therein, then, hydrogen gas having high purity
released from a hydrogen absorbing alloy in the hydrogen recovery
container (20) is refluxed to the generator (1), and this process
comprising absorbing and releasing of hydrogen gas in the hydrogen
recovery container (20) and saving in the gas tank (2) is repeated
once or several times, successively, the hydrogen gas containing much
amount of impure gas saved in the gas tank (2) is introduced in the
hydrogen recovery container (20) and occluded therein, thereafter,
in the initial stage during which hydrogen gas is released from the
hydrogen recovery container (20), the hydrogen gas containing much
amount of impure gas is discharged outside, then hydrogen gas having
high purity released from the hydrogen absorbing alloy in the
hydrogen recovery container (20) is refluxed to the generator (1).",positive,in_domain
19,0.85,34824243,34824243,hydrogen-storage-technology-ablnocorp,"Hydrogen storage alloy for alkaline storage battery, alkali storage battery, and method for manufacturing alkali storage battery","&lt;P&gt;PROBLEM TO BE SOLVED: To to provide an alkali storage battery using, as a negative electrode, a hydrogen storage alloy containing rare-earth elements, Mg, Ni and Al, wherein the deterioration of the hydrogen storage alloy due to charge/discharge is suppressed so as to improve the cycle life of the alkali storage battery.  &lt;P&gt;SOLUTION: The alkali storage battery has a positive electrode 1, the negative electrode 2 and an alkaline electrolytic solution. For the negative electrode, hydrogen storage alloy powder which contains at least rare-earth elements, Mg, Ni and Al and in which an intensity ratio( I&lt;SB&gt;A&lt;/SB&gt;/I&lt;SB&gt;B&lt;/SB&gt;) of the strongest peak intensity I&lt;SB&gt;A&lt;/SB&gt;appearing within a range of 2θ=31 to 33° to the strongest peak intensity I&lt;SB&gt;B&lt;/SB&gt;appearing within a range of 2θ=40 to 44° in an X-ray diffraction measurement using a Cu-Kα ray, is ≥0.1. Further, in the state where the alkali storage battery is activated, Mg concentration M1 within the range of 30 nm from the surface of the hydrogen storage alloy powder and Mg concentration M2 in the inner part of the hydrogen storage alloy where oxygen concentration becomes &lt;10wt.% satisfy the condition of M1/M2≤0.18.  &lt;P&gt;COPYRIGHT: (C)2005,JPO&amp;NCIPI",positive,in_domain
20,0.85,37268034,37268034,hydrogen-storage-technology-ablnocorp,Hydrogen generating fuel container,"The present invention relates to a hydrogen generating fuel storage tank. It has an upper chamber and a lower chamber partitioned up and down by a movable partition, the lower chamber has a fuel supply port for introducing external hydrogen generating fuel into the lower chamber, and the introduced hydrogen generating fuel to the outside of the lower chamber. A tank body having a fuel discharge port for discharging, the upper chamber including a waste fuel inlet for introducing external waste fuel into the upper chamber, and a waste fuel outlet for discharging the introduced waste fuel from the upper chamber to the outside; It characterized in that it comprises a level detector for sensing the amount of hydrogen-producing fuel contained in the lower chamber of the tank body and outputs the information. 
     Hydrogen fuel storage tank of the present invention made as described above, the partition is installed in the storage tank according to the amount of hydrogen-producing fuel which is a hydrogen-containing compound that generates hydrogen gas through a chemical reaction and the partition wall outside the storage tank By installing a level detector that detects and outputs the position of the fuel cell, it is possible to always check the amount of hydrogen-generated fuel in the storage tank, and by forming a discharge volume of a predetermined volume to accommodate the hydrogen-generated fuel at the bottom of the storage tank. Even if there is no supply of hydrogen-generated fuel in the state where the partition is located at the lowest point, the fuel is configured to be able to supply some fuel, so that fuel supply is not interrupted during continuous operation.",positive,in_domain
21,0.85,36964106,36964106,hydrogen-storage-technology-ablnocorp,"Hydrogen-generating device, and power-generating system for generating electricity by using hydrogen generated in the hydrogen-generating device as fuel","&lt;P&gt;PROBLEM TO BE SOLVED: To provide a device for generating hydrogen in a system using an internal combustion engine, and to further provide a system for generating electricity with the use of the generated hydrogen to prevent a secondary battery from decreasing the discharging capacity.  &lt;P&gt;SOLUTION: A hydrogen-generating device 7 comprises a proton-conductive solid electrolyte 75 having a pair of electrodes 76 and 77, and a voltage application means 2 and 17 for applying direct voltage to a pair of the electrodes. The power-generating system comprises the steps of: contacting one electrode 76 out of a pair of the electrodes in the hydrogen-generating device 7 with a gas exhausted from an internal combustion engine 1, in a state of having applied direct voltage to a pair of the electrodes to electrolyze moisture contained in the exhaust gas; thereby generating hydrogen from the other electrode 77 of a pair of the electrodes, which does not contact with the exhaust gas; storing hydrogen generated from the hydrogen-generating device 7 in a hydrogen storage means 9; and when the internal combustion engine 1 stops working, supplying the hydrogen stored in the hydrogen storage means 9 to a fuel cell 12 to make the fuel cell 12 generate electric energy and supply the electric energy to the secondary battery 2.  &lt;P&gt;COPYRIGHT: (C)2006,JPO&amp;NCIPI",positive,in_domain
22,0.85,14475954,14475954,hydrogen-storage-technology-ablnocorp,Production of hydrogen occlusion alloy,"(57) [Summary] [Structure] When producing a hydrogen storage alloy containing at least 10% by weight or more of Ti and / or Zr and reversibly storing and releasing hydrogen, the composition element raw material is an oxide-based crucible. Is melted in a high frequency induction furnace under an inert gas atmosphere, metal Ca is added and held after melting, and then tapped. [Effect] Deoxidation in the hydrogen storage alloy becomes more remarkable,   It is possible to improve alloy characteristics.",positive,in_domain
23,0.85,27547821,27547821,hydrogen-storage-technology-ablnocorp,Method for heat treating metallic materials and apparatus therefor,The present invention presents a method and an apparatus for heat treating a metallic material by performing hydrogen absorption in or desorption from the metallic material. The method includes the steps of recovering the hydrogen gas released from a desorption step and recycling it to a hydrogen absorbing step. Hydrogen recovering can be performed either in a device containing a hydrogen absorbing alloy or in a second heat treating furnace containing the metallic material. Various controlling devices are used to regulate the process of heat treating and recovering of hydrogen gas.,positive,in_domain
24,0.85,52331865,52331865,hydrogen-storage-technology-ablnocorp,Explosion-proof low-temperature pressure storage tank,"The utility model relates to a kind of explosion-proof Low-temperature pressure storage tank, comprise the withstand voltage tank body of carbon steel, tank body comprises outer tank body and interior tank body, has interlayer, be provided with dry ice in interlayer between outer tank body and interior tank body, effectively can reduce the temperature in storage tank, tank wall is provided with support, tank wall is provided with suction port, tank base is provided with air outlet, tank body top is provided with the operation mouth of pipe, tank wall on be provided with vent.Explosion-proof Low-temperature pressure storage tank of the present utility model adopts double-deck carbon steel pressure-resistance structure, dry ice layer is provided with in interlayer, effectively can reduce the temperature in storage tank, for ensure that the Security of storage tank during the cryogenic gases such as transporting liquid nitrogen, liquid oxygen, liquefied ammonia, liquid hydrogen and LNG Liquefied natural gas, technique is simple, easy construction, structure is reliable.",positive,in_domain
25,0.1,61618373,61618373,hydrogen-storage-technology-ablnocorp,Electrochemical reaction apparatus,"An object of the present invention is to increase the production efficiency of a reduction product.   An electrochemical reaction apparatus includes an electrolytic solution tank including a first housing portion and a second housing portion, a first electrode disposed in the first housing portion, and a second housing. And a power source electrically connected to the first electrode and the second electrode. The first electrode includes a porous conductor having voids. The void penetrates the porous conductor.   [Selection] Figure 1",easy_negative,out_of_domain
26,0.1,71221124,71221124,hydrogen-storage-technology-ablnocorp,Low-temperature plasma device and method for decomposing hydrogen sulfide,"The invention relates to the field of plasma chemistry, and discloses a low-temperature plasma device and a method for decomposing hydrogen sulfide, wherein the device comprises: the structure comprises a first cavity (1), a second cavity (2), a third cavity (7), an inner electrode (3), an outer electrode (4) and a blocking medium (6), wherein the inner electrode (3) and the outer electrode (4) are solid electrodes, and the shapes of the inner electrode and the outer electrode are matched with each other to form an equal-diameter structure. The low-temperature plasma reaction device provided by the invention can realize continuous and stable hydrogen sulfide decomposition process under obviously higher hydrogen sulfide conversion rate, and can realize long-period operation.",easy_negative,out_of_domain
27,0.1,55229992,55229992,hydrogen-storage-technology-ablnocorp,Game machine,"In a gaming machine, while a loop video is being displayed, a game ball is received at a start winning opening (start port), and the number of effects that are executed according to the background of the loop video is increased. The purpose is to provide a gaming machine that does not get bored.   In a gaming machine, it is possible to perform an effect by linking a scene displayed in a loop video and a scene displayed during a display effect, so that an unprecedented presentation mode can be given to a player. This makes it possible to improve the interest of the game.   [Selection] Figure 211",easy_negative,out_of_domain
28,0.1,53830832,53830832,hydrogen-storage-technology-ablnocorp,Cooling tower,"The utility model relates to a kind of recirculated cooling water cooling tower, belong to cooling tower technical field, this cooling tower comprises tower body, in tower body, top, upper end is provided with air outlet and hangs and is provided with fan, spray equipment and packing layer is provided with below fan, the centre of spray equipment is provided with water inlet pipe, the external pipe of spray equipment connects refrigeration plant, packing layer has gathering ground, the bottom of gathering ground connects the input of refrigeration plant by pipeline, the pipeline at output of refrigeration plant connects spray equipment, the pipeline connected for pipeline comprises pipeline body, this pipeline also comprises ventilation duct and heat dissipating layer, heat dissipating layer is positioned at outside pipeline body, pipeline also comprises lapping layer, pipeline body is simultaneously multiple to be wrapped in lapping layer.This cooling tower improves on the pipeline connected, and in heat radiation when making the recirculated water in cooling tower run in the duct, adds the heat radiation time of recirculated water, solves in cooling tower the problem that have ignored and lower the temperature in cooling water in-service pipeline.",easy_negative,out_of_domain
29,0.1,6401155,6401155,hydrogen-storage-technology-ablnocorp,RADAR ABSORBER,"The radar absorber comprises alternate layers of highly conductive film (F) of combined fibre material without filling and layers of lower conductivity (intermediate layers 2) comprising either a core material, or part core material part fibre. The core material may be a plastic honeycomb or matrix or synthetic foam with a filler of balls or short fibres of glass, ceramic, carbon or plastic which may be filled or hollow. The dielectric properties may also be varied by conductive layering of the filling material of the honeycomb.",easy_negative,out_of_domain
30,0.1,25682647,25682647,hydrogen-storage-technology-ablnocorp,A process for generating electricity with a hydrogen fuel cell,"The object of the invention is the coupling of a hydrogen fuel cell to an enzymatic process for the production of electricity and the transformation and sequestration of CO2. Gaseous CO2 emissions from processes such as hydrocarbon reforming are transformed into carbonate or bicarbonate ions and hydrogen ions by the enzymatic system in order to prevent their contribution to the greenhouse effect.      The hydrogen ions resulting from the enzymatic process are recovered and combined in order to supply the hydrogen fuel cell. Finally, water, a by-product of the oxidizing reaction of the hydrogen fuel cell, is recovered and recycled back into the aqueous enzymatic system.",easy_negative,out_of_domain
31,0.1,18438052,18438052,hydrogen-storage-technology-ablnocorp,Gasification of plastics,"PROBLEM TO BE SOLVED: To efficiently decompose plastics into hydrogen gas. SOLUTION: This is a gasification process by allowing plastics to react with water at a temperature over 200 deg.C. A compound that liberates a halogen on the reaction is used as a reaction catalyst. As a halogen compound to be used as the catalyst in this process, a chlorine-containing plastic, hydrochloric acid, hydrogen bromide, sodium fluoride, sodium chloride and other halides, are cited.",easy_negative,out_of_domain
32,0.1,6403781,6403781,hydrogen-storage-technology-ablnocorp,Process for preparing aromatic polyamides of high hydrolysis resistance with controlled water content of diamine,"There is described a process for preparing aromatic polyamides of high hydrolysis resistance by reacting aromatic diamines in a conventional organic solvent and in the presence or absence of inorganic salts wherein the diamine, which has a water content of up to 25% by weight, is dissolved in the organic solvent, which may likewise contain water, and the solution is subjected to a vacuum distillation until the water content of the bottom product is &lt;100 ppm and subsequently the inorganic salts if necessary and then the dicarbonyl dichloride are added in a conventional manner and the condensation reaction is performed and concluded in a conventional manner.",easy_negative,out_of_domain
33,0.1,24216721,24216721,hydrogen-storage-technology-ablnocorp,Brake disk,"A disk brake assembly having a friction disk mounted on the hub of a motorcycle wheel, the friction disk having an inner hub and an outer ring interengaged by a plurality of equally spaced offset arms connecting the outer ring to the inner hub. The angle of each arm being such that the heat generated in the outer ring causes the outer end of the arms to expand in relation to the expansion of the outer ring and to contract on cooling to return the outer ring to its original position.",easy_negative,out_of_domain
34,0.1,40467969,40467969,hydrogen-storage-technology-ablnocorp,Low alloy steel for high-pressure hydrogen gas environment and container for high-pressure hydrogen,"Provided is a low alloy steel for high-pressure hydrogen gas environments, which contains, by mass percent, C: 0.15 to 0.60%, Si: 0.05 to 0.5%, Mn: 0.05 to 3.0%, P: not more than 0.025%, S: not more than 0.010%, Al:  0.005 to 0.10%, Mo: 0.5 to 3.0%, V. 0.05 to 0.30%, O(oxygen): not more than 0.01%, N: not more than 0.03%, and the balance Fe and impurities, and has tensile strength of not less than 900 MPa. This low alloy steel desirably contains B of 0.0003 to 0.003%, but in this case, N is limited to not more than 0.010%. It is desirable to contain at least one among Cr, Nb, Ti, Zr, and Ca.  The contents of Mo and V desirably satisfy the following formula (1):  [Mo(%)].cndot.[V(%)]0.2&gt;=0.32 (1).",easy_negative,out_of_domain
35,0.1,47509703,47509703,hydrogen-storage-technology-ablnocorp,Device and method for controlling screening size of exhaust sintering gas activated carbon,And a screen device arranged between the regeneration tower and the adsorption tower of the sintered exhaust gas cleaning facility to sort the regenerated activated carbon according to the size so as to control the particle size of the activated carbon that is screened through the screen device and carried to the adsorption tower. Provided is an activated carbon sorting size control apparatus and a control method of the sintered exhaust gas cleaning equipment including a control unit for adjusting the size of activated carbon sorting.,easy_negative,out_of_domain
36,0.1,48180384,48180384,hydrogen-storage-technology-ablnocorp,Home fuel cell boiler system having combustion catalysis device,"The present invention relates to a domestic fuel cell boiler system having a catalytic combustor. This is the fuel cell stack 23 in the home fuel cell boiler system 3 in which fuel from the fuel supply unit 21 is supplied as hydrogen gas through the reformer 22 to generate electricity in the fuel cell stack 23. A catalyst combustor 31 receiving combustion gas discharged from the combustion gas and burning the catalyst by a catalytic reaction, and injecting the fuel supplied from the fuel supply part 21 to further burn the catalyst by the catalytic reaction when hot water is needed; A reaction heat exchanger (32) for transferring heat generated in the combustion process of the catalytic combustor (31) to the reformer (22) normally; And a hot water heat exchanger 33 for receiving hot water from the reaction heat heat exchanger 32 to generate hot water when necessary. As a result, there is no emission of pollutants, no need for a separate hot water storage tank and auxiliary boiler for waste heat recovery, an improvement in fuel cell power generation efficiency, and a reduction in the volume of the entire system. Provide effect.",easy_negative,out_of_domain
37,0.1,68492122,68492122,hydrogen-storage-technology-ablnocorp,A kind of fuel cell system hydrogen gas recovering device,"A kind of fuel cell system hydrogen gas recovering device, comprising: turbine-driven set is provided with air-in；Hydrogen compression set is drivingly connected with turbine-driven set, is provided with hydrogen inlet and hydrogen outlet；Fuel cell, it is provided with the output end of the input terminal of hydrogen, the input terminal of the output end of hydrogen and air, air, wherein, the input terminal of the hydrogen of fuel cell is connected to the hydrogen outlet of hydrogen compression set, the hydrogen output end of fuel cell is connected to the hydrogen inlet of hydrogen compression set, and the air output end of fuel cell is connected to the air-in of turbine-driven set.Using such fuel cell system hydrogen gas recovering device, reduces fuel battery engines from power consumption, increase the power density and the output of fuel cell net power of fuel battery engine system.",easy_negative,out_of_domain
38,0.1,53507244,53507244,hydrogen-storage-technology-ablnocorp,Disc for disc mill assembly,,easy_negative,out_of_domain
39,0.1,43125667,43125667,hydrogen-storage-technology-ablnocorp,Decontaminating aerosol,"Methods and compositions for decontaminating exposed surfaces or spaces which may be contaminated with chemical and biological warfare agents and the like are disclosed. The contaminants can be chemical warfare agents, industrial pollutants, pesticides, toxins and the like. For decontamination, a contaminated surface or space is contacted with an aerosol comprising a decontaminating agent, and subsequently or simultaneously, the decontaminated surface or space is contacted with an aerosol comprising a decontaminating agent antagonist. In particular, self-inactivating aerosols are disclosed.",easy_negative,out_of_domain
40,0.1,58994195,58994195,hydrogen-storage-technology-ablnocorp,Apparatus and method for operating a fuel cell system,"The invention relates to a method for operating a fuel cell system (1) with a fuel (27), which fuel cell system (1) at least one high-temperature fuel cell (10) having at least one in a cathode chamber (12) arranged cathode (11), with at least one in a Anodes (13) arranged anode space (14) and with a between cathode space (12) and anode space (14) existing electrolyte (15), wherein in an anode gas cycle (20) from the anode space (14) of at least one high-temperature fuel cell (10) recycled Anode exhaust gas (25) is mixed with fuel (27) and supplied as anode gas (30) with at least one gas conveyor (50) to an anode gas heat exchanger (70) in which the anode gas (31) is thermostated, wherein further in at least one reforming unit (60, 61) in the anode gas circuit (20) of the fuel (27) is reformed. The at least one reforming unit (60, 61, 62, 63) is disposed in a hot circulation section (210) of the anode gas loop (20) in which an anode gas temperature (200) is above that required in the reforming unit (60, 61, 62, 63) Equilibrium temperature is reached and the at least one gas conveyor (50) in a cool circuit section (220) of the Anodengaskreislaufs (20) is arranged, in which an anode gas temperature (200) below that in the hot circuit section (210) is reached.",easy_negative,out_of_domain
41,0.1,54366966,54366966,hydrogen-storage-technology-ablnocorp,Composite membranes for olefin/paraffin separation,"This invention presents a metal-doped zeolite membrane-based apparatus containing molecular sieving zeolite thin film on the seeded porous substrate. The metal-doped zeolite membrane exhibits high selectivity to olefin over paraffins. The membrane is synthesized by seed coating and secondary growth method, followed by metal doping and post treatment processes.",easy_negative,out_of_domain
42,0.1,25445293,25445293,hydrogen-storage-technology-ablnocorp,Wind electric plant with improved alternator field excitation,"An improvement in a wind electric plant of the type disclosed in applicants&#39; U.S. Pat. No. 4,059,771 and applicants&#39; co-pending application Ser. No. 887,373, filed Mar. 16, 1978. The improvement comprises utilization of an exciter including an exciter armature and an associated permanent magnet exciter field to provide the excitation current for the field winding of a three-phase alternator. The use of permanent magnets in the exciter field, in lieu of conventional exciter field windings, eliminates the utilization of battery current as the source of excitation current for the field winding of a three-phase alternator. The improved wind electric power plant is utilized to supply A. C. power to hot water heater loads and/or auxiliary loads such as air conditioners, devices to manufacture hydrogen gas, and the like, which may be solar powered. The present invention also provides associated circuitry operable so that power can be supplied alternatively to either the hot water heater loads or to the auxiliary loads thereby maintaining a constant load on the wind electric power plant to ensure the quiet operation of that plant.",easy_negative,out_of_domain
43,0.1,36719681,36719681,hydrogen-storage-technology-ablnocorp,"Cellulose material composition, cellulose material film, modifier for the cellulose material film, polarizing plate protective film, liquid crystal display device, and silver halide photographic sensitized material","Provided are a cellulose material film and the like with small anisotropy. A cellulose composition comprises a cellulose material and at least one compound represented by the following general formula (1). Formula (1), , (Wherein R1, R2, R3 and R4 respectively represent hydrogen atom, substituted or unsubstituted fatty group, or substituted or unsubstituted aromatic group, X1, X2, X3 and X4 respectively represent a divalent connecting group formed from at least one group selected from the group consisting of single bond, -CO-, and -NR5- (R5 represents substituted or unsubstituted fatty group, or substituted or unsubstituted aromatic group), a, b, c and d all are integers of 0 or more, a+b+c+d≥2, and Q1 represents a organic group with (a+b+c+d) valence.)",easy_negative,out_of_domain
44,0.1,25481104,25481104,hydrogen-storage-technology-ablnocorp,Method of playing a wagering game,"A method of playing a wagering game 20 between a plurality of players includes dealing four-card hands from a standard 52 card deck to each player, including a player-banker. The cards have numerical values, ace equals one, face cards equal ten, and two through ten equal their respective face values. The players are afforded the opportunity to (a) draw one additional card, or (b) stand with the dealt cards. The object of the game 20 is to have three cards which total to one of ten, twenty, or thirty. The winning hand is then determined by either (a) the fourth card with the highest numerical value, or (b) the least significant digit of the total of the fourth and fifth cards with the highest numerical value. If neither player has three cards which total to one of ten, twenty, or thirty, then the hand is a push and no wager 500 is won by either player.",easy_negative,out_of_domain
45,0.1,50510636,50510636,hydrogen-storage-technology-ablnocorp,Compact furnace rear arrangement of 1000 MW ultra-supercritical unit,"The utility model discloses a compact furnace rear arrangement of a 1000 MW ultra-supercritical unit. The arrangement comprises four electrostatic dust collectors longitudinally arranged into a row, front flues and rear flues of the electrostatic dust collectors, two absorption towers and a chimney between the two absorption towers, wherein the electrostatic dust collectors sequentially penetrate through the rear flues, induced draft fans are connected onto the absorption towers, the induced draft fans and booster fans are combined together, the induced draft fans, the booster fans and low-temperature economizers are jointly arranged below the rear flue, and the low-temperature economizers directly face outlets of the induced draft fans. The compact furnace rear arrangement has the benefits as follows: the arrangement is more compact, floor space can be effectively reduced, the use amount of steel is reduced, and the economic effects are obvious.",easy_negative,out_of_domain
46,0.1,40837493,40837493,hydrogen-storage-technology-ablnocorp,Gas stove,"The invention provides a fuel gas kitchen range for supplying heat by using renewable energy resources, which uses fuel and a kitchen range to achieve the combustion between fuel and oxygen in the kitchen range, and is provided with a wind power direct current generator, an electrolysis water unit, a hydrogen storage unit and a combustion kitchen range, wherein the wind power direct current generator is driven by wind power to generate direct current; the electrolysis water unit generates hydrogen which is stored in the hydrogen storage unit; when used, the hydrogen is burnt in the combustion kitchen range so as to generate heat and achieve heat supply, thus the fuel gas kitchen range makes use of the low price of wind power to generate the hydrogen to achieve energy storage, can avoid the instability of the wind power, can satisfy the requirement on a great deal of instant heat supply in a kitchen, achieve energy resource recycling, and is suitable for citizens in windy areas and coastal area, and the like.",easy_negative,out_of_domain
47,0.1,42004827,42004827,hydrogen-storage-technology-ablnocorp,"Composition of a material with porous structure, method for preparing the same and use of a composition","The present application relates to adsorbent materials exhibiting suitable for use in removing contaminating compounds in dynamic regime porous structures.  Obtaining these adsorbents is performed by forming slurries prepared in aqueous medium with mixtures of coal dust and powder of natural clay with particle size itemized below 20 micrometers 90%, these materials, once formed and dried, they undergo a only heat treatment in the presence of water vapor and carbon dioxide to obtain adsorbents with broad pore size distribution.  The structure of these materials has micropores corresponding to the activated carbon obtained during the activation of the carbon and of the same mode contains mainly mesopores corresponding clays used and macropores formed from the interparticle spaces.",easy_negative,out_of_domain
48,0.1,51269977,51269977,hydrogen-storage-technology-ablnocorp,Device for comprehensively utilizing tail gas of MOCVD (Metal-Organic Chemical Vapor Deposition) equipment,"The invention provides a device for comprehensively utilizing tail gas of MOCVD (Metal-Organic Chemical Vapor Deposition) equipment. The tail gas of MOCVD enters a low-pressure buffer tank by virtue of a pipeline, and the low-pressure buffer tank is connected with a high-pressure buffer tank; the high-pressure buffer tank is connected to a precooling exchanger by virtue of a pipeline, and the lower end of the precooling exchanger is connected with a lower-temperature condenser by virtue of a pipeline; the lower part of the lower-temperature condenser is connected with a gas-liquid separator by virtue of a pipeline, the lower end of the gas-liquid separator is connected with a liquid ammonia storage tank by virtue of a liquid ammonia pump, and the top end of the gas-liquid separator is connected to a molecular sieve absorption column; the upper end of the molecular sieve absorption column is connected to a pressure-swing absorption column, and the pressure-swing absorption column is connected with a hydrogen storage tank by virtue of a pipeline. The device has a simple structure and can be used for effectively separating the tail gas of the MOCVD, liquid ammonia and hydrogen are recycled and can be directly applied to other industries, and nitrogen can be directly discharged. The rate of multipurpose utilization is high, and the purposes of safety and environmental friendliness are realized.",easy_negative,out_of_domain
49,0.1,13804046,13804046,hydrogen-storage-technology-ablnocorp,Method for producing hydrogen gas,,easy_negative,out_of_domain
50,0.1,45554748,45554748,hydrogen-storage-technology-ablnocorp,Method for triggering dependent spectra for data acquisition,"Methods and systems are provided for triggering an information dependent mass spectrometry scan in real time. A mass spectrometry scan of a separating sample mixture is performed by a mass spectrometer at each time interval of a time period. The mass spectrometer receives the separating sample mixture from a separation device. It is determined at a certain time interval that a received mass spectrometry scan at the time interval and one or more preceding received mass spectrometry scans include two or more time-varying ion signals that represent two or more fragment ion transitions of a known compound. If a characteristic of the two or more time-varying ion signals meets a selection criterion, the mass spectrometer is instructed to perform a dependent mass spectrometry scan of the separating sample mixture for a precursor ion of the known compound at the time interval.",easy_negative,out_of_domain
51,0.1,21828040,21828040,hydrogen-storage-technology-ablnocorp,Electric string instrument,"The guitar has a novel feedback arrangement for sustaining the sound generated from the strings and including a pickup associated with each string and a corresponding driver intercoupled with the pickup in a feedback loop that also includes a gain-controlled amplifier. The amplifiers are controlled in common from a variable control means. The pickups, drivers and associated electronics are all commonly mounted from the bridge. In an alternate embodiment of the invention there is provided an improved sustain technique that provides a more natural sustain characteristic, employing a parametric type of excitation. This embodiment may comprise a pickup, amplifier and tensioning member responsive to the output of the amplifier for sustaining string vibration by causing longitudinal string displacement by means of the tensioning member. In a similar embodiment the string tension may be held constant and the string length varied instead.",easy_negative,out_of_domain
52,0.1,36634002,36634002,hydrogen-storage-technology-ablnocorp,"Fuel reformer housing vessel, fuel reforming device and fuel reforming system","PROBLEM TO BE SOLVED: To provide a fuel reformer storage container and a fuel reformer with low power generation loss, which can maintain a good degree of vacuum in the fuel reformer storage container.   A substrate 1 having a cavity in which a fuel reformer 9 for generating a reformed gas containing hydrogen gas from fuel is stored, and a lid 4 attached to the upper surface of the substrate 1 so as to cover the cavity. A discharge pipe 5b that communicates the inside and outside of the cavity to discharge the reformed gas from the fuel reformer 9, and a supply pipe 5a that communicates the inside and outside of the cavity to supply fuel to the fuel reformer 9. And a fuel reformer storage container having a power supply lead terminal 2 penetrating the base body 1 or the lid body 4, a gas adsorbent 10 is mounted in the cavity, and the gas adsorption material 10 is adsorbed to the lid body 4 or the base body 1. The window part 4a for introducing the light ray irradiated to the material 10 from the outside was provided.   [Selection] Figure 1",easy_negative,out_of_domain
53,0.1,32715956,32715956,hydrogen-storage-technology-ablnocorp,"METAL ION EXCHANGE ZEOLITE, PROCESS FOR PRODUCING THE SAME, AND SOLUTION COMPOUND ADSORBENT CONTAINING THE METAL ION EXCHANGE ZEOLITE",,easy_negative,out_of_domain
54,0.1,46325143,46325143,hydrogen-storage-technology-ablnocorp,Fuel cell system,"A fuel cell system comprises a hydrogen storage system for storing and releasing hydrogen, a fuel cell in fluid communication with the hydrogen storage system for receiving released hydrogen from the hydrogen storage system and for electrochemically reacting the hydrogen with an oxidant to produce electricity and an anode exhaust. A catalytic combustor is in fluid communication with the fuel cell for receiving the anode exhaust and for catalytically reacting the anode exhaust to produce an offgas having an elevated temperature that is greater than the temperature of the anode exhaust. The heat from the offgas is used to release the hydrogen from the hydrogen storage system.",easy_negative,out_of_domain
55,0.1,43758640,43758640,hydrogen-storage-technology-ablnocorp,"Process for producing hydrocarbon oil, and synthesis reaction system","Disclosed is a method for producing a hydrocarbon oil, wherein a hydrocarbon oil is obtained from a gas that contains a carbon monoxide gas and a hydrogen gas by a Fischer-Tropsch synthesis reaction. The method for producing a hydrocarbon oil comprises: a hydrocarbon synthesis step in which the carbon monoxide gas and the hydrogen gas contained in the starting material gas are caused to react with each other in a slurry that fills a reaction container and contains catalyst particles, thereby synthesizing a hydrocarbon; a powdered particle removal step in which the slurry is drawn out from the upper part of a slurry bed within the reaction container and filtered, so that powdered particles that are formed by the powdering of the catalyst particles are captured and separated, thereby obtaining a liquid hydrocarbon; a catalyst particle capturing step in which the slurry is drawn out from a position lower than the upper part of the slurry bed and filtered, so that the catalyst particles are captured and separated, thereby obtaining a liquid hydrocarbon; and a catalyst particle returning step in which the catalyst particles captured in the catalyst particle capturing step are returned to the reaction container.",easy_negative,out_of_domain
56,0.1,36315553,36315553,hydrogen-storage-technology-ablnocorp,Anti-tip wheelchair,"A manually-powered wheelchair that includes one or more features that enhance the overall maneuverability and stability of the wheelchair, such as centrally mounted drive-wheels and an anti-tip system. Other embodiments may include at least one of an adjustable anti-tip system that may be selectively located to several locations on the frame; a positive stop device attached to either the mounting bracket, frame, or the anti-tip system for limiting movement of the anti-tip system and the frame relative to each other; a resistance device attached to the frame and the anti-tip system for increasing resistance between the frame and the anti-tip system when the user leans backwards in the wheelchair; a wheel lock system engaging at least one of the drive wheels below the wheel&#39;s axis of rotation; and a tilt prevention device for selectively preventing any rotation of the wheelchair frame and anti-tip system relative to each other.",easy_negative,out_of_domain
57,0.1,51736943,51736943,hydrogen-storage-technology-ablnocorp,Beverage Container,"A beverage container containing a hydrogen pouch is provided. The provided beverage container has a plastic container body having an injection port and filled with beverage inside; A plurality of perforated fins protruding from an upper surface of the container main body, and a sealing protrusion protruding from the lower surface of the sealing plate into which the plurality of perforated holes are perforated, And a guide protrusion having a first fixing protrusion and a second fixing protrusion protruded in a lower direction of the rim; A hydrogen pouch filled with hydrogen gas to be pierced by the piercing pin is installed in the inside of the hermetically sealed container, a first locking protrusion in which the first fixing protrusion of the guide protrusion is fixed, A plastic lid having a second locking protrusion for fixing the fixing protrusion; And a control unit.",easy_negative,out_of_domain
58,0.1,24656419,24656419,hydrogen-storage-technology-ablnocorp,Measuring apparatus and method,,easy_negative,out_of_domain
59,0.1,15191796,15191796,hydrogen-storage-technology-ablnocorp,Semiconductor manufacturing apparatus,"PURPOSE:To reduce impurity mixing into a film, and to provide a high quality thin film, by introducing another substance reacting with the imprity when forming the film under a reduced pressure condition. CONSTITUTION:When an Si thin film is formed with an optical CVD method using a raw material gas of Si2H6, hydrogen is introduced into the vacuum vessel 5 from a hydrogen gas system 11, and active hydrogen is then produced by irradiating the interior of the vacuum vessel 5, using a light source 3 of a hydrogen discharge lamp with such a wavelength that hydrogen molecules can absorb light to decompose into atoms. In this state, ArF excimer laser light from an optical source 1 which is shaped into wide planar light by an optical system 2, is introduced into the vicinity of the entire surface of a wafer, while Si2H6 gas is introduced from a raw material gas system 10. The Si2H6 gas absorbs the ArF excimer laser light and is decomposed, forming an Si thin film on the substrate 6. Since oxygen remaining in the vessel would couple with active hydrogen atoms and is exhaused out of the vessel 5 by means of a vacuum exhausting system 8, oxygen in the resulted film can be reduced to about 1/20.",easy_negative,out_of_domain
60,0.1,29369259,29369259,hydrogen-storage-technology-ablnocorp,,,easy_negative,out_of_domain
61,0.1,34781945,34781945,hydrogen-storage-technology-ablnocorp,Fire extinguishing method,"&lt;P&gt;PROBLEM TO BE SOLVED: To provide an effective extinguishing method for, for example, a large-scale forest fire and a ship fire at sea, quite different from the conventional extinguishing method.  &lt;P&gt;SOLUTION: This fire extinguishing method extinguishes a fire in a fire site by emitting hydrogen from gaseous hydrogen or liquefied hydrogen sealed in a high pressure vessel or powder of hydrogen storage alloy sealed in a vessel by the heat of the fire to cause hydrogen explosion. In a more desirable implementation method, a plurality of vessels of hydrogen sources are linearly or planarly disposed at a predetermined interval, connected together with a netted material, and dropped onto the fire site such as a forest and the sea to cause the hydrogen explosion and extinguish the fire.  &lt;P&gt;COPYRIGHT: (C)2005,JPO&amp;NCIPI",easy_negative,out_of_domain
62,0.1,38081454,38081454,hydrogen-storage-technology-ablnocorp,Method for preparing nano grade tungsten powder,"The invention relates to a method for producing nanometer tungsten powder, wherein it comprises putting the non-crystal forward powder prepared from atomization thermal exchange method into the exhaust reducing furnace, at 550-700Deg. C, for 30-60min, and the hydrogen gas or decompose ammonia section flux is 30-60ml/cm2 .min; obtaining the nanometer tungsten powder whose SAXS average diameter is 35-80nm. The invention can reduce the reaction temperature and improve produce efficiency.",easy_negative,out_of_domain
63,0.1,64708753,64708753,hydrogen-storage-technology-ablnocorp,Hydrogen fuel cell monofilm electrode test apparatus,"The utility model discloses a kind of hydrogen fuel cell monofilm electrode test apparatus comprising air supply unit, heating unit, reaction member and power measurement unit；Reaction member includes the anode fixed plate stacked gradually, anode insulating layer, anode current collector plate, anode plate, cathode plate, cathode collector plate, cathode insulation layer and cathode fixed plate, and tested membrane electrode is clipped between anode plate and cathode plate；Air inlet and air outlet are designed in anode plate and cathode plate；Serpentine flow path slot, two connection air inlet and air outlet of serpentine flow path slot are provided in the one side that anode plate and cathode plate are contacted with membrane electrode；Two air inlets all pass through conduit and connect air supply unit.Air supply unit provides fuel gas, heating unit heats anode plate and cathode plate.Two kinds of gases enter substrate from two air inlets respectively, react under the catalysis of membrane electrode, generate electric current, power measurement unit detects the output power of reaction member, to obtain test result.",easy_negative,out_of_domain
64,0.1,53309857,53309857,hydrogen-storage-technology-ablnocorp,Water molecule low-voltage electrochemical separation device and water molecule low-voltage electrochemical separation method,"The invention discloses a water molecule low-voltage electrochemical separation device and a water molecule low-voltage electrochemical separation method. Water molecule is separated to gas-state electrolyte quickly under the condition of specific voltage and current through an electrochemical reactor, then the gas-state electrolyte is separated to hydrogen and oxygen in low voltage environment through a low-voltage voltage-control centrifugal separator, the hydrogen and oxygen are mixed to store in a combustible gas storage tank, and the hydrogen and oxygen can be controlled to be output by a combustible gas output port to be used as fuel for combustion during use. The water molecule low-voltage electrochemical separation device is simple in structure, small in volume and low in power consumption, combustible hydrogen and comburent oxygen are generated with common water by utilizing electrochemical reaction and ultra-low voltage voltage-control centrifugal separation technology, the fuel is efficient gas-state fuel used after production and can not deflagrate in normal state, use is safe, any additive is not needed, product of produced hydrogen and oxygen after combustion only comprises water, any toxic substance can not be remained or released, and cleanliness and environment protection are realized really.",easy_negative,out_of_domain
65,0.1,38899968,38899968,hydrogen-storage-technology-ablnocorp,Self-rising type closestool cover,"The utility model discloses a self-raised toilet seat cover, which comprises a seat colar and a cover. The seat colar and the cover are combined together through the base; iron sheets are provided on the cover to attract with magnets; position housings are symmetrically provided on both ends of the connecting base; a rotary shaft is installed inside the position housings to connect the seat colar and the cover; a torsion spring is sleeved on external diameter of one end of the rotary shaft; one end of the torsion spring is connected with an adjusting block; the adjusting blocks touch each other through springs and pins. Because the torsion springs and the adjusting blocks are added onto the rotary shaft inside the position housing, the force from the torsion spring can make the seat colar be ejected automatically from the toilet seat, so that the product can be maintained with the prior functions, and meanwhile, when the seat colar is pressed for operation, the seat colar can also be automatically ejected after humans leave. The utility model is characterized in low cost, high practicability, easy maintenance and etc, and is particularly applicable in such public places as hotels, restaurants, office buildings, stations, airports, exhibition centers and etc, as well as restrooms in ogranizations, units, enterprises and families.",easy_negative,out_of_domain
66,0.1,4162862,4162862,hydrogen-storage-technology-ablnocorp,Process for the treatment of crude oil using hydrogen in a special unit,Invention Patent: &lt;B&gt; &#34;PROCESS FOR THE TREATMENT OF CRUDE OIL THAT USES HYDROGEN IN A SPECIAL UNIT&#34; &lt;D&gt;. a process for the treatment of crude oil is provided to break the viscosity (&#34;visbreak&#34;) and / or to benefit such oil using hydrogen gas. The process includes the steps of introducing hydrogen into a heated stream of crude oil or partially processed crude oil and mixing the introduced hydrogen with the oil to achieve intimate hydrogen dispersion to thereby improve viscosity breakdown (&#34;visbreaking&#34; ) and / or processing.,easy_negative,out_of_domain
67,0.1,26896879,26896879,hydrogen-storage-technology-ablnocorp,Integrated solid oxide fuel cell mechanization and method of using for transportation industry applications,"A method of starting a solid oxide fuel cell system is disclosed. The method comprises pressurizing a main plenum to a first pressure. The main plenum comprises a first supply of fuel, blowers, and air control valves. The first supply of fuel and a first supply of air are directed to a preheated micro-reformer. A heated pre-reformate is created in the micro-reformer and discharged from the micro-reformer to a main reformer. The main reformer is preheated with the heated pre-reformate. A second supply of fuel and a second supply of air are introduced to the main reformer. A heated main reformate is created in the main reformer and directed to a waste energy recovery assembly. A cathode supply is heated in the waste energy recovery system and then directed to a solid oxide fuel cell stack in order to heat the solid oxide fuel cell stack. Methods of transitioning, operating, shutting down, and maintaining in standby mode are also disclosed. A solid oxide fuel cell mechanization for a transportation vehicle is also disclosed.",easy_negative,out_of_domain
68,0.1,13177816,13177816,hydrogen-storage-technology-ablnocorp,Fuel cell electric power generating plant,"PURPOSE:To make self-supply of raw material gases possible by connecting current terminals of an anode and a cathode with water electrolysis apparatus, electrolyzing water by excess electric charge generated in a storing generated hydrogen and oxygen gases in respective containers, and supplying them to the reformer burners at the time of cell operation. CONSTITUTION:Current terminals 2a, 3a of an anode 2 and a cathode 3 are connected with a water electrolysis apparatus 14 through out load switches 17, 18 and condensed water from an anode outlet condenser 8 and a cathode outlet condenser 9 is supplied to the apparatus 14 through a condensed water supplying line 15. A condensed water supplying valve 16 which opens and closed corresponding to the signal of a water level sensor not shown in the figure but installed in the apparatus 14 is installed in the line 15. A hydrogen storage container 19 and an oxygen storage container 20 are connected with the discharging side of the apparatus 14 and gases here are supplied to a reformer burner 10 through a hydrogen supplying valve 21 and an oxygen supplying valve 22. Electric power generating plant is thus composed and at the time of transition to the waiting and stopping of a cell 1, the switches 17, 18 are opened and the terminals 2a, 3a are connected with the apparatus 14.",easy_negative,out_of_domain
69,0.1,23242979,23242979,hydrogen-storage-technology-ablnocorp,Energy conversion system,"This invention relates to a method and apparatus for converting energy to hydrogen gas using an electrolyzer and a metal alloy hydride tank for hydrogen storage, wherein a passive load matching device between the energy source and the electrolyzer maximizes hydrogen output, and the electrolyzer and the metal alloy hydride tank operate at mutually low pressure, near ambient, such that pressurization of the system is not required.",easy_negative,out_of_domain
70,0.1,53276808,53276808,hydrogen-storage-technology-ablnocorp,A nanowire heterostructure,The present invention provides a heterostructure for use as an electrode in a lithium ion battery as well as a method for synthesising the heterostructure.,easy_negative,out_of_domain
71,0.1,22346394,22346394,hydrogen-storage-technology-ablnocorp,PROCESS FOR DISCHARGE OF PRESSURE LIQUID NATURAL GAS CONTAINERS.,"A process for discharging a plurality of containers (1, 2) having liquefied gas under pressure contained therein is disclosed. A gas is supplied to pressurize (10) a first container or group of containers to discharge the liquefied gas therefrom. The gas is then removed to displace from the first container or group of containers and is separated into a first stream of steam and into a second stream of steam. The first steam stream (52) is heated and passed to the first container or group of containers. The second steam stream is fed to a second container or group of containers to discharge the liquefied gas from them. Communication is cut between the first container or group of containers and the second container or group of containers, and the previous steps are repeated for all the containers in succession, with only the last container or group of containers emptying of liquid remaining at the pressure of the gas to displace, and all the containers being filled at the end of the process, except the last container or group of containers, with a lower pressure steam.",easy_negative,out_of_domain
72,0.1,30018835,30018835,hydrogen-storage-technology-ablnocorp,,,easy_negative,out_of_domain
73,0.1,53401824,53401824,hydrogen-storage-technology-ablnocorp,Acid ndfeb magnet recycling,"recycling of ndfeb magnets in an acid medium, belonging to the sector of magnets or hard magnetic bodies of inorganic materials containing microparticles of micron-scale grain particles, refers to the recycling of nd-fe-b magnets in acid medium, more specifically by leaching these magnets with solutions of hydrochloric acid, nitric acid and selective precipitation of nd³ + ions such as neodymium oxalate and their subsequent conversion to neodymium oxide by heat treatment, the capture of hydrogen gas generated in the process and the copper used as magnet coating.",easy_negative,out_of_domain
74,0.1,50523007,50523007,hydrogen-storage-technology-ablnocorp,"Quinazolinyl chalcone derivatives, and preparation method and application thereof","The invention discloses a preparation method and bioactivity of anti-plant-virus compounds-quinazolinyl chalcone derivatives. The quinazolinyl chalcone derivatives are disclosed as the following general formula. Various substituted hypnones, p-hydroxybenzaldehyde, various substituted anthranilic acids, formamide, thionyl chloride, nitromethane, sodium hydroxide, potassium hydroxide and potassium carbonate used as raw materials are subjected to four steps to synthesize the quinazolinyl chalcone derivatives. The invention also discloses high inhibiting actions of the compounds q, u, w and the like on protecting inactivating and treating cucumber mosaic virus (CMV), tobacco mosaic virus (TMV), southern rice black-streaked dwarf virus (SRBSDV) and rice stripe virus (RSV). The compounds have higher anti-plant-virus activity and can be used for preparing anti-plant-virus pesticides.",easy_negative,out_of_domain
75,0.1,35834470,35834470,hydrogen-storage-technology-ablnocorp,"Aluminum-based alloy for generation of hydrogen, method of production of such alloy and hydrogen gas generator","FIELD: alloys for generation of hydrogen. 
     SUBSTANCE: alloy may be used in internal combustion engines working on hydrogen fuel and electric motor cars using hydrogen electrochemical generators. Aluminum-based alloy contains aluminum and dehydrated hydroxide of alkali metal up to 10% by weight or dehydrated hydroxide of alkali metal and copper up to 5%; total amount of these additives shall not exceed 10%. Method of production of such alloy includes placing the dehydrated hydroxide of alkali metal on crucible bottom with layer of aluminum laid over it; copper may be also added if necessary; melting is performed in induction furnace in vacuum at 0.2-0.5 atm and inert gas-shielded atmosphere. First hydroxide of alkali metal is molten and aluminum (and copper, if necessary) is molten in this melt at temperature of 660 C. Hydrogen gas generator includes reactor made in form of heat exchanger whose plates or tubes are filled with water. 
     EFFECT: low cost of process; increased productivity. 
     5 cl, 1 dwg",easy_negative,out_of_domain
76,0.1,25157185,25157185,hydrogen-storage-technology-ablnocorp,Improvements in or relating to an akylation process,"An olefinic hydrocarbon fraction containing a mono-olefin of at least 7 carbon atoms, and preferentially oil-soluble, neutral, oxygen-containing organic compounds, including those having a carbonyl group, is contacted with an alkylatable compound, and a catalyst comprising liquid hydrogen fluoride, under alkylating conditions, alkylation products, and a liquid catalyst phase comprising said oxygen-containing compounds being separated from the reaction mixture.  C10-C15 fractions synthesized from carbon monoxide and hydrogen may be used to alkylate monocyclic aromatic hydrocarbons such as benzene and toluene and the alkylates sulphonated to produce detergents.  The catalyst phase may be treated to recover the oxygenated compounds and the catalyst recycled.  The alkylation temperature may be from about 50-250 DEG  F.  The amount of hydrogen fluoride may be 3-100 per cent or more by volume of the total reactants and should be sufficient to give two liquid phases. Alkylatable compounds which may be used include monocyclic aromatic hydrocarbons and substitution derivatives, e.g. benzene, toluene, xylene, ethylbenzene, n- and iso-propyl benzenes, ethyl toluenes, pseudocumene, butylbenzenes, chlorobenzene, phenol, cresols, anisol, phenetol, and benzoic acid, polycyclic compounds, e.g. naphthalene, anthracene, diphenyl, and naphthols, paraffins such as isobutane, isopentane, methylcyclopentane, and methylcyclohexane, and mixtures such as are produced by hydroforming of naphthas or solvent extraction of cracked gas oils.  The catalyst may contain minor amounts, such as 0.5-10 per cent by weight, of BF3, H2SO4, H3PO4, H3BO2F2, FSO3H, fluorophosphoric acids, SO2Cl2, ethane or toluene sulphonic acid, trifluoracetic acid or the like.  A C12 &#34;Synthol&#34; fraction may be introduced into a mixture of toluene and HF, the reactants being pre-dried, and the products passed to a stratifier. The lower catalyst layer may be passed to a recovery tower stripping gas being introduced if desired to separate HF and recover oxygenated compounds, viz. aldehydes and ketones.  The upper layer may be stripped of HF and fractionated to separate toluene from alkylate and unreacted olefins and paraffins.  The paraffins may be separated and worked up for use as detergents by conversion to alkyl halides and alkylation of aromatics followed by sulphonation or by conversion to alkanesulphonyl halides and thence to sulphonates.  Polyalkylates may be separated and recycled.  Comparative experiments in alkylation with HF, AlCl3, H2SO4 and solid phosphoric acid catalyst are given.",easy_negative,out_of_domain
77,0.1,46759335,46759335,hydrogen-storage-technology-ablnocorp,Hydrogen production catalyst,"The purpose of present invention is to provide a hydrogen production catalyst to continuously decompose water for a long period of time to produce hydrogen by using only a small amount of thereof. Disclosed solving means is that the hydrogen production catalyst decomposes water to produce hydrogen by contacting with water under non-oxidative environment and the temperature of greater than 300 DEG C, and contains: a metal combination of Ni and one metal selected from the group consisting of free Pt, Pd and Cr, or a pair of metals selected from the combination of Cr and Pd; and an alkali capable of maintaining surface activity of the metal. By means of preparing said hydrogen production catalyst (3) in the reaction container (2) under non-oxidative environment and temperature of 300 DEG C-650 DEG C, the hydrogen production catalyst (3) contacts with water to decompose it to produce hydrogen.",easy_negative,out_of_domain
78,0.1,5575095,5575095,hydrogen-storage-technology-ablnocorp,Device for the oven protection of cables,"Field of application: Electrical line connections between control technology devices and their line connections. OBJECT OF THE INVENTION: Prevention of failures, which are due to mechanical action on connecting lines. The object of the invention is to provide a device for a local protection of lines, especially flexible lines against rotation, buckling or other mechanical force. The essence of the invention is that a protective tube is pulled over the line and sit on this two ringfoermige individually movable Druckstuecke. The Druckstuecke are connected to each other by means arranged horizontally to the line fastening means, wherein in a cavity formed by recesses in the interior of the Druckstuecke between these and the protective tube cavity are inserted. When the connection between the first and second pressure piece is tight, the balls are pressed into the protective tube. figure",easy_negative,out_of_domain
79,0.1,53739888,53739888,hydrogen-storage-technology-ablnocorp,A kind of screw impregnation equipment,"The utility model relates to a kind of screw impregnation equipment, comprise impregnation sleeve, be linked in the impregnation axle of impregnation sleeve inner and be arranged on the gum-injecting port of impregnation sleeve the same side, tow import and tow outlet, described tow import and tow outlet lay respectively at the two ends, left and right of impregnation sleeve.Described impregnation axle is screw impregnation axle, and the reach of impregnation axle is less than the length of impregnation sleeve.Glue is poured into from gum-injecting port, the size of tow import and tow outlet can be adjusted by regulating block and fastening bolt, be neat one by guaranteeing to enter the tow of impregnation sleeve to the adjustment of tow import size, by controlling the gel content from impregnation sleeve fiber out after impregnation to the adjustment of tow outlet size.The utility model is closed impregnation equipment, and glue does not contact with ambient atmosphere, pollution-free; Adopt screw impregnation, tow all enters in glue, long for time of contact with glue, and impregnation is abundant, and impregnation is effective.",easy_negative,out_of_domain
80,0.1,37604586,37604586,hydrogen-storage-technology-ablnocorp,Fuel cell system and AC impedance measurement method,"PROBLEM TO BE SOLVED: To provide a fuel cell system and a measuring method capable of measuring AC impedance with high accuracy.   SOLUTION: In a fuel cell system capable of measuring an alternating current impedance, a power generation stabilizing means (103) for stabilizing the power generation of the fuel cell (100) and an AC impedance measured after the power generation of the fuel cell (100) is stabilized. Impedance measuring means (104). Since the AC impedance in the low frequency region is measured after stabilizing the power generation of the fuel cell (100), it is possible to measure the AC impedance with high accuracy without causing disturbance during the measurement.   [Selection] Figure 2",easy_negative,out_of_domain
