raw,norm,group,국적
11712381 Canada Corporation,11712381 CANADA,11712381 CANADA,미상
"123IV, Inc.",123IV,123IV,US
2021A351US1,2021A351US1,2021A351US1,CN
3M INNOVATIVE PROPERTIES COMPANY,3M INNOVATIVE PROPERTIES,3M INNOVATIVE PROPERTIES,US
"6 RIVER SYSTEMS, INC.",6 RIVER SYSTEMS,6 RIVER SYSTEMS,US
Aaron Thomas Bacon,AARON THOMAS BACON,AARON THOMAS BACON,US
ABB Inc.,ABB,ABB,US
ABB Schweiz AG,ABB SCHWEIZ,ABB,CH
ABB SCHWEIZ AG,ABB SCHWEIZ,ABB,CH
"ABUNDANT ROBOTS, INC.",ABUNDANT ROBOTS,ABUNDANT ROBOTS,US
ACCENTURE GLOBAL SERVICES LIMITED,ACCENTURE GLOBAL SERVICES,ACCENTURE GLOBAL SERVICES,IE
ACCENTURE GLOBAL SOLUTIONS LIMITED,ACCENTURE GLOBAL SOLUTIONS,ACCENTURE GLOBAL SOLUTIONS,IE
ACUMINO,ACUMINO,ACUMINO,US
Addverb Technologies Limited,ADDVERB TECHNOLOGIES,ADDVERB TECHNOLOGIES,IN
ADEMCO INC.,ADEMCO,ADEMCO,US
"Advanced Solutions Life Sciences, LLC",ADVANCED SOLUTIONS LIFE SCIENCES,ADVANCED SOLUTIONS LIFE SCIENCES,US
AEOLUS ROBOTICS,AEOLUS ROBOTICS,AEOLUS ROBOTICS,US
Agency for Defense Development,AGENCY FOR DEFENSE DEVELOPMENT,AGENCY FOR DEFENSE DEVELOPMENT,KR
"AGILE ROBOTS HANOVER GMBH, NOW TRADING AS FRANKA ROBOTICS GMBH",AGILE ROBOTS HANOVER NOW TRADING AS FRANKA ROBOTICS,FRANKA,DE
"AGILITY ROBOTICS, INC.",AGILITY ROBOTICS,AGILITY ROBOTICS,US
AI Incorporated,AI,AI,CA
AIRBUS OPERATIONS GMBH,AIRBUS OPERATIONS,AIRBUS OPERATIONS,DE
AISAN KOGYO KABUSHIKI KAISHA,AISAN KOGYO,AISAN KOGYO,JP
"AIVOT, LLC",AIVOT,AIVOT,US
"AJINEXTEK CO., LTD.",AJINEXTEK,AJINEXTEK,KR
AJOU UNIVERSITY INDUSTRY-ACADEMIC COOPERATION,AJOU UNIVERSITY INDUSTRY-ACADEMIC COOPERATION,AJOU UNIVERSITY INDUSTRY-ACADEMIC COOPERATION,KR
Al Incorporated,AL,AL,CA
Alan Rosen,ALAN ROSEN,ALAN ROSEN,US
Alderbaran Robotics,ALDERBARAN ROBOTICS,ALDERBARAN ROBOTICS,FR
Alekh Rajesh Beri,ALEKH RAJESH BERI,ALEKH RAJESH BERI,US
Alina Grädener,ALINA GRÄDENER,ALINA GRÄDENER,DE
"Ally Robotics, Inc.",ALLY ROBOTICS,ALLY ROBOTICS,US
"Altec Industries, Inc.",ALTEC INDUSTRIES,ALTEC INDUSTRIES,US
"Amazon Technologies, Inc.",AMAZON TECHNOLOGIES,AMAZON,US
"AMAZON TECHNOLOGIES, INC.",AMAZON TECHNOLOGIES,AMAZON,US
"AMICRO SEMICONDUCTOR CO., LTD.",AMICRO SEMICONDUCTOR,AMICRO SEMICONDUCTOR,CN
Amir Khajepour,AMIR KHAJEPOUR,AMIR KHAJEPOUR,CA
AMP Robotics Corporation,AMP ROBOTICS,AMP ROBOTICS,US
"AmTRAN Technology Co., Ltd.",AMTRAN TECHNOLOGY,AMTRAN TECHNOLOGY,TW
"ANGEL ROBOTICS CO., LTD.",ANGEL ROBOTICS,ANGEL ROBOTICS,KR
"Animax Designs, Inc.",ANIMAX DESIGNS,ANIMAX DESIGNS,US
"ANJI BATA ROBOT CO., LTD.",ANJI BATA ROBOT,ANJI BATA ROBOT,CN
Anthony Krejci,ANTHONY KREJCI,ANTHONY KREJCI,US
ANYWARE ROBOTICS INC.,ANYWARE ROBOTICS,ANYWARE ROBOTICS,US
"APIARY HOLDINGS, LLC",APIARY,APIARY,US
"APPLIED MATERIALS, INC.",APPLIED MATERIALS,APPLIED MATERIALS,US
"APPTRONIK, INC.",APPTRONIK,APPTRONIK,US
Aquila Engineering LLC,AQUILA ENGINEERING,AQUILA ENGINEERING,US
ARIANEGROUP SAS,ARIANEGROUP,ARIANEGROUP,FR
"ARISTOCRAT TECHNOLOGIES, INC (ATI)",ARISTOCRAT TECHNOLOGIES (ATI),ARISTOCRAT TECHNOLOGIES (ATI),US
"ARIX TECHNOLOGIES, INC.",ARIX TECHNOLOGIES,ARIX TECHNOLOGIES,US
ARIZONA BOARD OF REGENTS ON BEHALF OF ARIZONA STATE UNIVERSITY,ARIZONA BOARD OF REGENTS ON BEHALF OF ARIZONA STATE UNIVERSITY,ARIZONA BOARD OF REGENTS ON BEHALF OF ARIZONA STATE UNIVERSITY,US
Arizona Board of Regents on behalf of Arizona State University,ARIZONA BOARD OF REGENTS ON BEHALF OF ARIZONA STATE UNIVERSITY,ARIZONA BOARD OF REGENTS ON BEHALF OF ARIZONA STATE UNIVERSITY,US
Arizona Board of Regents on Behalf of Arizona State University,ARIZONA BOARD OF REGENTS ON BEHALF OF ARIZONA STATE UNIVERSITY,ARIZONA BOARD OF REGENTS ON BEHALF OF ARIZONA STATE UNIVERSITY,US
ARROWEAD CENTER,ARROWEAD CENTER,ARROWEAD CENTER,US
ASCEND ROBOTICS LLC,ASCEND ROBOTICS,ASCEND ROBOTICS,US
"ASENSUS SURGICAL US, INC.",ASENSUS SURGICAL US,ASENSUS SURGICAL US,US
ASUSTeK COMPUTER INC.,ASUSTEK COMPUTER,ASUSTEK COMPUTER,TW
"AT&T Intellectual Property I, L.P.",AT&T INTELLECTUAL PROPERTY I LP,AT&T INTELLECTUAL PROPERTY I LP,US
"ATI Industrial Automation, Inc.",ATI INDUSTRIAL AUTOMATION,ATI INDUSTRIAL AUTOMATION,US
AURORA FLIGHT SCIENCES CORPORATION,AURORA FLIGHT SCIENCES,AURORA FLIGHT SCIENCES,US
"AUTODESK, INC.",AUTODESK,AUTODESK,US
Autofuss,AUTOFUSS,AUTOFUSS,US
"AUTOMATED TIRE, INC.",AUTOMATED TIRE,AUTOMATED TIRE,US
AUTONOX HOLDING GMBH,AUTONOX,AUTONOX,DE
AUTONOX ROBOTICS GMBH,AUTONOX ROBOTICS,AUTONOX ROBOTICS,DE
AUTOWRAP ROBOTICS LLC,AUTOWRAP ROBOTICS,AUTOWRAP ROBOTICS,US
"AVAR ROBOTICS, INC.",AVAR ROBOTICS,AVAR ROBOTICS,US
Avaya Inc.,AVAYA,AVAYA,US
"AVIATRIX SYSTEMS, INC.",AVIATRIX SYSTEMS,AVIATRIX SYSTEMS,US
"BACA SYSTEMS, LLC",BACA SYSTEMS,BACA SYSTEMS,US
BAE SYSTEMS PLC,BAE SYSTEMS,BAE SYSTEMS,GB
BAIDU USA LLC,BAIDU USA,BAIDU USA,US
BAKER HUGHES OILFIELD OPERATIONS LLC,BAKER HUGHES OILFIELD OPERATIONS,BAKER HUGHES OILFIELD OPERATIONS,US
Bank of America Corporation,BANK OF AMERICA,BANK OF AMERICA,US
Battelle Memorial Institute,BATTELLE MEMORIAL INSTITUTE,BATTELLE MEMORIAL INSTITUTE,US
BATTELLE MEMORIAL INSTITUTE,BATTELLE MEMORIAL INSTITUTE,BATTELLE MEMORIAL INSTITUTE,US
BATTENBERG ROBOTIC GMBH & CO. KG,BATTENBERG ROBOTIC & CO KG,BATTENBERG ROBOTIC & CO KG,DE
BAYER AKTIENGESELLSCHAFT,BAYER,BAYER,DE
Bayerische Motoren Werke Aktiengesellschaft,BAYERISCHE MOTOREN WERKE,BAYERISCHE MOTOREN WERKE,DE
"BEAR ROBOTICS, INC.",BEAR ROBOTICS,BEAR ROBOTICS,US
"Bear Robotics, Inc.",BEAR ROBOTICS,BEAR ROBOTICS,US
BECKHOFF AUTOMATION GMBH,BECKHOFF AUTOMATION,BECKHOFF AUTOMATION,DE
"BECKMAN COULTER, INC.",BECKMAN COULTER,BECKMAN COULTER,US
BEIJING GEEKPLUS TECHNOLOGY CO. LTD.,BEIJING GEEKPLUS TECHNOLOGY,BEIJING GEEKPLUS TECHNOLOGY,CN
"BEIJING GEEKPLUS TECHNOLOGY CO., LTD.",BEIJING GEEKPLUS TECHNOLOGY,BEIJING GEEKPLUS TECHNOLOGY,CN
BEIJING INSTITUTE OF TECHNOLOGY,BEIJING INSTITUTE OF TECHNOLOGY,BEIJING INSTITUTE OF TECHNOLOGY,CN
"BEIJING JINGDONG QIANSHI TECHNOLOGY CO., LTD.",BEIJING JINGDONG QIANSHI TECHNOLOGY,BEIJING JINGDONG QIANSHI TECHNOLOGY,CN
"Beijing Jingdong Shangke Information Technology Co., Ltd.",BEIJING JINGDONG SHANGKE INFORMATION TECHNOLOGY,BEIJING JINGDONG SHANGKE INFORMATION TECHNOLOGY,CN
"BEIJING JINGDONG SHANGKE INFORMATION TECHNOLOGY CO., LTD.",BEIJING JINGDONG SHANGKE INFORMATION TECHNOLOGY,BEIJING JINGDONG SHANGKE INFORMATION TECHNOLOGY,CN
"BEIJING KE YI TECHNOLOGY CO., LTD.",BEIJING KE YI TECHNOLOGY,BEIJING KE YI TECHNOLOGY,CN
"Beijing KEYi Technology Co., Ltd.",BEIJING KEYI TECHNOLOGY,BEIJING KEYI TECHNOLOGY,CN
"BEIJING KEYI TECHNOLOGY CO., LTD.",BEIJING KEYI TECHNOLOGY,BEIJING KEYI TECHNOLOGY,CN
Beijing LongRuan Technologies Inc.,BEIJING LONGRUAN TECHNOLOGIES,BEIJING LONGRUAN TECHNOLOGIES,CN
"BEIJING MAGIC PAL TECHNOLOGY CO., LTD.",BEIJING MAGIC PAL TECHNOLOGY,BEIJING MAGIC PAL TECHNOLOGY,CN
BEIJING UNIVERSITY OF TECHNOLOGY,BEIJING UNIVERSITY OF TECHNOLOGY,BEIJING UNIVERSITY OF TECHNOLOGY,CN
"BEIJING XIAOMI ROBOT TECHNOLOGY CO., LTD.",BEIJING XIAOMI ROBOT TECHNOLOGY,BEIJING XIAOMI ROBOT TECHNOLOGY,CN
"BEIJING YOUZHUJU NETWORK TECHNOLOGY CO., LTD.",BEIJING YOUZHUJU NETWORK TECHNOLOGY,BEIJING YOUZHUJU NETWORK TECHNOLOGY,CN
BERKSHIRE GREY INC.,BERKSHIRE GREY,BERKSHIRE GREY,US
"BERKSHIRE GREY, INC.",BERKSHIRE GREY,BERKSHIRE GREY,US
"Berkshire Grey, Inc.",BERKSHIRE GREY,BERKSHIRE GREY,US
"BERKSHIRE GREY OPERATING COMPANY, INC.",BERKSHIRE GREY OPERATING,BERKSHIRE GREY OPERATING,US
"B.G. NEGEV TECHNOLOGIES & APPLICATIONS LTD., AT BEN-GURION UNIVERSITY",BG NEGEV TECHNOLOGIES & APPLICATIONS AT BEN-GURION UNIVERSITY,BG NEGEV TECHNOLOGIES & APPLICATIONS AT BEN-GURION UNIVERSITY,IL
BHS Technologies GmbH,BHS TECHNOLOGIES,BHS TECHNOLOGIES,AT
BIO-RAD EUROPE GMBH,BIO-RAD EUROPE,BIO-RAD EUROPE,CH
BIONIT LABS S.R.L.,BIONIT LABS,BIONIT LABS,IT
BIOSERO INC.,BIOSERO,BIOSERO,US
"BLACK-I ROBOTICS, INC.",BLACK-I ROBOTICS,BLACK-I ROBOTICS,US
BLUE DANUBE ROBOTICS GMBH,BLUE DANUBE ROBOTICS,BLUE DANUBE ROBOTICS,AT
BLUEPRINT LAB PTY LTD,BLUEPRINT LAB PTY,BLUEPRINT LAB PTY,AU
BOARD OF TRUSTEES OF MICHIGAN STATE UNIVERSITY,BOARD OF TRUSTEES OF MICHIGAN STATE UNIVERSITY,BOARD OF TRUSTEES OF MICHIGAN STATE UNIVERSITY,US
"Boston Dymanics, Inc.",BOSTON DYMANICS,BOSTON DYMANICS,US
"Boston Dynamics, Inc.",BOSTON DYNAMICS,HYUNDAI MOTOR GROUP(2021~)/구글·소프트뱅크(이전),US
"BOSTON DYNAMICS, INC.",BOSTON DYNAMICS,HYUNDAI MOTOR GROUP(2021~)/구글·소프트뱅크(이전),US
BOSTON ENGINEERING CORPORATION,BOSTON ENGINEERING,BOSTON ENGINEERING,US
"BOSTON INCUBATOR CENTER, LLC",BOSTON INCUBATOR CENTER,BOSTON INCUBATOR CENTER,US
"BOTBUILT, INC.",BOTBUILT,BOTBUILT,US
"BOZHON PRECISION INDUSTRY TECHNOLOGY CO., LTD.",BOZHON PRECISION INDUSTRY TECHNOLOGY,BOZHON PRECISION INDUSTRY TECHNOLOGY,CN
Bradley Jiping Xu,BRADLEY JIPING XU,BRADLEY JIPING XU,US
BRAGI GmbH,BRAGI,BRAGI,DE
Brain Corporation,BRAIN,BRAIN,US
BRAIN CORPORATION,BRAIN,BRAIN,US
BRAINCO INC.,BRAINCO,BRAINCO,US
"BRIGHT MACHINES, INC.",BRIGHT MACHINES,BRIGHT MACHINES,US
"BRILS Co., Ltd.",BRILS,BRILS,KR
BROKK AKTIEBOLAG,BROKK AKTIEBOLAG,BROKK AKTIEBOLAG,SE
BROWN UNIVERSITY,BROWN UNIVERSITY,BROWN UNIVERSITY,US
BYSTRONIC LASER AG,BYSTRONIC LASER,BYSTRONIC LASER,CH
CALIFORNIA INSTITUTE OF TECHNOLOGY,CALIFORNIA INSTITUTE OF TECHNOLOGY,CALIFORNIA INSTITUTE OF TECHNOLOGY,US
California Institute of Technology,CALIFORNIA INSTITUTE OF TECHNOLOGY,CALIFORNIA INSTITUTE OF TECHNOLOGY,US
CAMOZZI AUTOMATION S.P.A.,CAMOZZI AUTOMATION,CAMOZZI AUTOMATION,IT
CANON KABUSHIKI KAISHA,CANON,CANON,JP
Canon Kabushiki Kaisha,CANON,CANON,JP
CANON USA INC.,CANON USA,CANON,US
Canona Kabushiki Kaisha,CANONA,CANON,JP
"CAPSEN ROBOTICS, INC.",CAPSEN ROBOTICS,CAPSEN ROBOTICS,US
CARNEGIE MELLON UNIVERSITY,CARNEGIE MELLON UNIVERSITY,CARNEGIE MELLON UNIVERSITY,US
"CASIO COMPUTER CO., LTD.",CASIO COMPUTER,CASIO COMPUTER,JP
Caterpillar Inc.,CATERPILLAR,CATERPILLAR,US
CAVOS BAGATELLE VERWALTUNGS GMBH & CO. KG,CAVOS BAGATELLE VERWALTUNGS & CO KG,CAVOS BAGATELLE VERWALTUNGS & CO KG,DE
CENTRE NATIONAL DE LA RECHERCHE SCIENTIFIQUE,CENTRE NATIONAL DE LA RECHERCHE SCIENTIFIQUE,CENTRE NATIONAL DE LA RECHERCHE SCIENTIFIQUE,FR
CENTRE NATIONAL DE LA RECHERCHE SCIENTIFIQUE (CNRS),CENTRE NATIONAL DE LA RECHERCHE SCIENTIFIQUE (CNRS),CENTRE NATIONAL DE LA RECHERCHE SCIENTIFIQUE (CNRS),FR
CenturyLink Intellectual Property LLC,CENTURYLINK INTELLECTUAL PROPERTY,CENTURYLINK INTELLECTUAL PROPERTY,US
"CHEF ROBOTICS, INC.",CHEF ROBOTICS,CHEF ROBOTICS,US
CHEFEE ROBOTICS INC.,CHEFEE ROBOTICS,CHEFEE ROBOTICS,US
"Cheng Uei Precision Industry Co., Ltd.",CHENG UEI PRECISION INDUSTRY,CHENG UEI PRECISION INDUSTRY,TW
"CHENXING (TIANJIN) AUTOMATION EQUIPMENT CO., LTD.",CHENXING (TIANJIN) AUTOMATION EQUIPMENT,CHENXING (TIANJIN) AUTOMATION EQUIPMENT,CN
"Chieftek Precision Co., Ltd.",CHIEFTEK PRECISION,CHIEFTEK PRECISION,TW
CHINA INSTITUTE OF ATOMIC ENERGY,CHINA INSTITUTE OF ATOMIC ENERGY,CHINA INSTITUTE OF ATOMIC ENERGY,CN
China Jiliang University,CHINA JILIANG UNIVERSITY,CHINA JILIANG UNIVERSITY,CN
City University of Hong Kong,CITY UNIVERSITY OF HONG KONG,CITY UNIVERSITY OF HONG KONG,HK
"CLOUDMINDS (BEIJING) TECHNOLOGIES CO., LTD.",CLOUDMINDS (BEIJING) TECHNOLOGIES,CLOUDMINDS (BEIJING) TECHNOLOGIES,CN
"CLOUDMINDS (SHANGHAI) ROBOTICS SYSTEMS CO., LTD.",CLOUDMINDS (SHANGHAI) ROBOTICS SYSTEMS,CLOUDMINDS (SHANGHAI) ROBOTICS SYSTEMS,CN
"CLOUDMINDS ROBOTICS CO., LTD.",CLOUDMINDS ROBOTICS,CLOUDMINDS ROBOTICS,CN
"CloudMinds Robotics Co., Ltd.",CLOUDMINDS ROBOTICS,CLOUDMINDS ROBOTICS,CN
CLUTTERBOT INC.,CLUTTERBOT,CLUTTERBOT,US
CMES INC.,CMES,CMES,KR
CMR SURGICAL LIMITED,CMR SURGICAL,CMR SURGICAL,GB
COBALT ROBOTICS INC.,COBALT ROBOTICS,COBALT ROBOTICS,US
"CORPORATION, COBIONIX",COBIONIX,COBIONIX,CA
COGNEX CORPORATION,COGNEX,COGNEX,US
COGNIBOTICS AB,COGNIBOTICS,COGNIBOTICS,SE
COGNIBOTICS INC.,COGNIBOTICS,COGNIBOTICS,US
Coleman P. Parker,COLEMAN P PARKER,COLEMAN P PARKER,US
Colin Leonard,COLIN LEONARD,COLIN LEONARD,US
COLUMBIA UNIVERSITY,COLUMBIA UNIVERSITY,COLUMBIA UNIVERSITY,US
Comau S.p.A.,COMAU,COMAU,IT
COMAU S.P.A.,COMAU,COMAU,IT
COMMISSARIAT A L'ENERGIE ATOMIQUE ET AUX ENERGIES ALTERNATIVES,COMMISSARIAT A L'ENERGIE ATOMIQUE ET AUX ENERGIES ALTERNATIVES,COMMISSARIAT A L'ENERGIE ATOMIQUE ET AUX ENERGIES ALTERNATIVES,FR
COMMSCOPE TECHNOLOGIES LLC,COMMSCOPE TECHNOLOGIES,COMMSCOPE TECHNOLOGIES,US
"CONGRUENS GROUP, LLC",CONGRUENS GROUP,CONGRUENS GROUP,US
CONTINENTAL AUTOMOTIVE TECHNOLOGIES GMBH,CONTINENTAL AUTOMOTIVE TECHNOLOGIES,CONTINENTAL AUTOMOTIVE TECHNOLOGIES,DE
"Control & Power Systems, Inc.",CONTROL & POWER SYSTEMS,CONTROL & POWER SYSTEMS,US
"CORINDUS, INC.",CORINDUS,CORINDUS,US
Corning Research & Development Corporation,CORNING RESEARCH & DEVELOPMENT,CORNING RESEARCH & DEVELOPMENT,US
COVVI LIMITED,COVVI,COVVI,GB
CREATIVE TECHNOLOGY CORPORATION,CREATIVE TECHNOLOGY,CREATIVE TECHNOLOGY,JP
C.R.F. SOCIETA CONSORTILE PER AZIONI,CRF SOCIETA CONSORTILE PER AZIONI,CRF SOCIETA CONSORTILE PER AZIONI,IT
CTRL ROBOT INC.,CTRL ROBOT,CTRL ROBOT,CA
CUSHYBOTS CORPORATION,CUSHYBOTS,CUSHYBOTS,US
CYBERNET SYSTEMS CORP.,CYBERNET SYSTEMS,CYBERNET SYSTEMS,US
DAEGU GYEONGBUK INSTITUTE OF SCIENCE AND TECHNOLOGY,DAEGU GYEONGBUK INSTITUTE OF SCIENCE AND TECHNOLOGY,DAEGU GYEONGBUK INSTITUTE OF SCIENCE AND TECHNOLOGY,KR
Daegu Gyeongbuk Institute of Science and Technology,DAEGU GYEONGBUK INSTITUTE OF SCIENCE AND TECHNOLOGY,DAEGU GYEONGBUK INSTITUTE OF SCIENCE AND TECHNOLOGY,KR
"DAEMYOUNGGEC CO., LTD.",DAEMYOUNGGEC,DAEMYOUNGGEC,KR
"Daifuku Co., Ltd.",DAIFUKU,DAIFUKU,JP
DAIHEN CORPORATION,DAIHEN,DAIHEN,JP
DAIHEN Corporation,DAIHEN,DAIHEN,JP
DAILY COLOR INC.,DAILY COLOR,DAILY COLOR,JP
DALIAN UNIVERSITY OF TECHNOLOGY,DALIAN UNIVERSITY OF TECHNOLOGY,DALIAN UNIVERSITY OF TECHNOLOGY,CN
Daniel Abrams,DANIEL ABRAMS,DANIEL ABRAMS,US
DANIELI & C. OFFICINE MECCANICHE S.P.A.,DANIELI & C OFFICINE MECCANICHE,DANIELI & C OFFICINE MECCANICHE,IT
DANMARKS TEKNISKE UNIVERSITET,DANMARKS TEKNISKE UNIVERSITET,DANMARKS TEKNISKE UNIVERSITET,DK
Darrion Vinh Nguyen,DARRION VINH NGUYEN,DARRION VINH NGUYEN,US
DEAKIN UNIVERSITY,DEAKIN UNIVERSITY,DEAKIN UNIVERSITY,AU
"DELAWARE CAPITAL FORMATION, INC.",DELAWARE CAPITAL FORMATION,DELAWARE CAPITAL FORMATION,US
"DELTA ELECTRONICS, INC.",DELTA ELECTRONICS,DELTA ELECTRONICS,TW
"Delta Electronics, Inc.",DELTA ELECTRONICS,DELTA ELECTRONICS,TW
Delta Electronics Int'l (Singapore) Pte Ltd,DELTA ELECTRONICS INT'L (SINGAPORE) PTE,DELTA ELECTRONICS INT'L (SINGAPORE) PTE,SG
Delta Electronics Int’l (Singapore) Pte Ltd,DELTA ELECTRONICS INT’L (SINGAPORE) PTE,DELTA ELECTRONICS INT’L (SINGAPORE) PTE,SG
Dematic Corp.,DEMATIC,DEMATIC,US
DEMAUREX SA,DEMAUREX,DEMAUREX,CH
Denis Ledenkov,DENIS LEDENKOV,DENIS LEDENKOV,AE
DENSO CORPORATION,DENSO,DENSO,JP
DENSO WAVE INCORPORATED,DENSO WAVE,DENSO,JP
DENTSU GROUP INC.,DENTSU GROUP,DENTSU GROUP,JP
DESARROLLO DE MÁQUINAS Y SOLUCIONES AUTOMÁTICAS S.L. (DESMASA),DESARROLLO DE MÁQUINAS Y SOLUCIONES AUTOMÁTICAS SL (DESMASA),DESARROLLO DE MÁQUINAS Y SOLUCIONES AUTOMÁTICAS SL (DESMASA),ES
"Design Ready Controls, Inc.",DESIGN READY CONTROLS,DESIGN READY CONTROLS,US
DEUTSCHES ZENTRUM FÜR LUFT- UND RAUMFAHRT E.V.,DEUTSCHES ZENTRUM FÜR LUFT- UND RAUMFAHRT EV,DEUTSCHES ZENTRUM FÜR LUFT- UND RAUMFAHRT EV,DE
"DEXTERITY, INC.",DEXTERITY,DEXTERITY,US
"Dexterity, Inc.",DEXTERITY,DEXTERITY,US
"DEXTROUS ROBOTICS, INC.",DEXTROUS ROBOTICS,DEXTROUS ROBOTICS,US
"Dibi (Chongqing) Intelligent Technology Research Institute Co., Ltd.",DIBI (CHONGQING) INTELLIGENT TECHNOLOGY RESEARCH INSTITUTE,DIBI (CHONGQING) INTELLIGENT TECHNOLOGY RESEARCH INSTITUTE,CN
"DIGITAL DREAM LABS, INC.",DIGITAL DREAM LABS,DIGITAL DREAM LABS,US
"Diligent Robotics, Inc.",DILIGENT ROBOTICS,DILIGENT ROBOTICS,US
"DILIGENT ROBOTICS, INC.",DILIGENT ROBOTICS,DILIGENT ROBOTICS,US
Dimitri Duknic,DIMITRI DUKNIC,DIMITRI DUKNIC,CA
"Disney Enterprises, Inc.",DISNEY ENTERPRISES,DISNEY ENTERPRISES,US
"DISNEY ENTERPRISES, INC.",DISNEY ENTERPRISES,DISNEY ENTERPRISES,US
"DIVERGENT TECHNOLOGIES, INC.",DIVERGENT TECHNOLOGIES,DIVERGENT TECHNOLOGIES,US
"DMG MORI CO., LTD.",DMG MORI,DMG MORI,JP
Dong Ouyang,DONG OUYANG,DONG OUYANG,US
Douglas H. DeCandia,DOUGLAS H DECANDIA,DOUGLAS H DECANDIA,US
"DUALITY ROBOTICS, INC.",DUALITY ROBOTICS,DUALITY ROBOTICS,US
DUECKER GROUP GMBH,DUECKER GROUP,DUECKER GROUP,DE
DUPONT DE NEMOURS BELGIUM BV,DUPONT DE NEMOURS BELGIUM,DUPONT DE NEMOURS BELGIUM,BE
"DUSTY ROBOTICS, IRC.",DUSTY ROBOTICS IRC,DUSTY ROBOTICS IRC,US
DYSON TECHNOLOGY LIMITED,DYSON TECHNOLOGY,DYSON TECHNOLOGY,GB
DÜRR SOMAC GMBH,DÜRR SOMAC,DÜRR SOMAC,DE
DÜRR SYSTEMS AG,DÜRR SYSTEMS,DÜRR SYSTEMS,DE
Earth Robotics,EARTH ROBOTICS,EARTH ROBOTICS,US
EBOTS INC.,EBOTS,EBOTS,US
eBots Inc.,EBOTS,EBOTS,US
"ECOVACS ROBOTICS CO., LTD.",ECOVACS ROBOTICS,ECOVACS ROBOTICS,CN
EELUME AS,EELUME AS,EELUME AS,NO
Electric Power Science & Research Institute of State Grid Tianjin Electric Power Company,ELECTRIC POWER SCIENCE & RESEARCH INSTITUTE OF STATE GRID TIANJIN ELECTRIC POWER,ELECTRIC POWER SCIENCE & RESEARCH INSTITUTE OF STATE GRID TIANJIN ELECTRIC POWER,CN
ELECTRONICS AND TELECOMMUNICATIONS RESEARCH INSTITUTE,ELECTRONICS AND TELECOMMUNICATIONS RESEARCH INSTITUTE,ELECTRONICS AND TELECOMMUNICATIONS RESEARCH INSTITUTE,KR
Electronics and Telecommunications Research Institute,ELECTRONICS AND TELECOMMUNICATIONS RESEARCH INSTITUTE,ELECTRONICS AND TELECOMMUNICATIONS RESEARCH INSTITUTE,KR
"ELEVATE ROBOTICS, INC.",ELEVATE ROBOTICS,ELEVATE ROBOTICS,US
"ELYTRA TECHNOLOGIES, LLC",ELYTRA TECHNOLOGIES,ELYTRA TECHNOLOGIES,US
"EMERGING ACQUISITIONS, LLC",EMERGING ACQUISITIONS,EMERGING ACQUISITIONS,US
EMI INTEGRATED SYSTEMS LTD.,EMI INTEGRATED SYSTEMS,EMI INTEGRATED SYSTEMS,IL
EMOTECH LTD,EMOTECH,EMOTECH,GB
EMPIRE TECHNOLOGY DEVELOPMENT LLC,EMPIRE TECHNOLOGY DEVELOPMENT,EMPIRE TECHNOLOGY DEVELOPMENT,US
EMPOWER ROBOTICS CORPORATION,EMPOWER ROBOTICS,EMPOWER ROBOTICS,US
Epifeast Inc.,EPIFEAST,EPIFEAST,US
EQUATE PETROCHEMICAL COMPANY,EQUATE PETROCHEMICAL,EQUATE PETROCHEMICAL,KW
"EROBOT, J.S.A.",EROBOT JSA,EROBOT JSA,SK
"ETAK SYSTEMS, LLC",ETAK SYSTEMS,ETAK SYSTEMS,US
ETH ZURICH,ETH ZURICH,ETH ZURICH,CH
Evodyne Robotics Corporation,EVODYNE ROBOTICS,EVODYNE ROBOTICS,US
F ROBOTICS ACQUISITIONS LTD.,F ROBOTICS ACQUISITIONS,F ROBOTICS ACQUISITIONS,IL
FABRICA ROBOTICS PTE LTD.,FABRICA ROBOTICS PTE,FABRICA ROBOTICS PTE,SG
FACC AG,FACC,FACC,AT
"FACEBOOK, INC.",FACEBOOK,FACEBOOK,US
"Fallas Automation, Inc.",FALLAS AUTOMATION,FALLAS AUTOMATION,US
"FAMILY INADA CO., LTD.",FAMILY INADA,FAMILY INADA,JP
FANUC CORPORATION,FANUC,FANUC,JP
Fanuc Corporation,FANUC,FANUC,JP
"CORPORATION, FANUC",FANUC,FANUC,JP
FANUC AMERICA CORPORATION,FANUC AMERICA,FANUC,US
FANUC CORPORARATION,FANUC CORPORARATION,FANUC,JP
"FARO TECHNOLOGIES, INC.",FARO TECHNOLOGIES,FARO TECHNOLOGIES,US
FAROBOT INC.,FAROBOT,FAROBOT,TW
FASTBRICK IP PTY LTD,FASTBRICK IP PTY,FASTBRICK IP PTY,AU
Feng Chia University,FENG CHIA UNIVERSITY,FENG CHIA UNIVERSITY,TW
FERROBOTICS COMPLIANT ROBOT TECHNOLOGY GMBH,FERROBOTICS COMPLIANT ROBOT TECHNOLOGY,FERROBOTICS COMPLIANT ROBOT TECHNOLOGY,AT
FerRobotics Compliant Robot Technology GmbH,FERROBOTICS COMPLIANT ROBOT TECHNOLOGY,FERROBOTICS COMPLIANT ROBOT TECHNOLOGY,AT
FESTO SE & CO. KG,FESTO & CO KG,FESTO & CO KG,DE
FESTO AG & CO. KG,FESTO & CO KG,FESTO & CO KG,DE
"Fetch Robotics, Inc.",FETCH ROBOTICS,FETCH ROBOTICS,US
"FETCH ROBOTICS, INC.",FETCH ROBOTICS,FETCH ROBOTICS,US
"Fetch Robotius, Inc.",FETCH ROBOTIUS,FETCH ROBOTIUS,US
FFT Produktionssysteme GMBH & Co. KG,FFT PRODUKTIONSSYSTEME & CO KG,FFT PRODUKTIONSSYSTEME & CO KG,DE
FFT PRODUKTIONSSYSTEME GMBH & CO. KG,FFT PRODUKTIONSSYSTEME & CO KG,FFT PRODUKTIONSSYSTEME & CO KG,DE
FIGURE AI INC.,FIGURE AI,FIGURE AI,US
FILL GESELLSCHAFT M.B.H.,FILL GESELLSCHAFT MBH,FILL GESELLSCHAFT MBH,AT
"FINEWELL CO., LTD.",FINEWELL,FINEWELL,JP
FIPA HOLDING GMBH,FIPA,FIPA,DE
Fitech Sp. z o.o.,FITECH SP Z OO,FITECH SP Z OO,PL
Flexiv Ltd.,FLEXIV,FLEXIV,KY
FLEXIV LTD.,FLEXIV,FLEXIV,KY
"FLIR DETECTION, INC.",FLIR DETECTION,FLIR DETECTION,US
FLORIDA ATLANTIC UNIVERSITY BOARD OF TRUSTEES,FLORIDA ATLANTIC UNIVERSITY BOARD OF TRUSTEES,FLORIDA ATLANTIC UNIVERSITY BOARD OF TRUSTEES,US
FLOW ROBOTICS A/S,FLOW ROBOTICS A/S,FLOW ROBOTICS A/S,DK
"FLX Solutions, Inc.",FLX SOLUTIONS,FLX SOLUTIONS,US
FMR LLC,FMR,FMR,US
FONDAZIONE ISTITUTO ITALIANO DI TECNOLOGIA,FONDAZIONE ISTITUTO ITALIANO DI TECNOLOGIA,FONDAZIONE ISTITUTO ITALIANO DI TECNOLOGIA,IT
"FORD GLOBAL TECHNOLOGIES, LLC",FORD GLOBAL TECHNOLOGIES,FORD GLOBAL TECHNOLOGIES,US
"Ford Global Technologies, LLC",FORD GLOBAL TECHNOLOGIES,FORD GLOBAL TECHNOLOGIES,US
"FORTNA SYSTEMS, INC.",FORTNA SYSTEMS,FORTNA SYSTEMS,US
"Foster-Miller, Inc.",FOSTER-MILLER,FOSTER-MILLER,US
"Francis Joseph Osebold, III",FRANCIS JOSEPH OSEBOLD III,FRANCIS JOSEPH OSEBOLD III,US
FRANKA EMIKA GMBH,FRANKA EMIKA,FRANKA,DE
Frédéric Vachon,FRÉDÉRIC VACHON,FRÉDÉRIC VACHON,CA
FTS WELDING,FTS WELDING,FTS WELDING,FR
"Fu Tai Hua Industry (Shenzhen) Co., Ltd.",FU TAI HUA INDUSTRY (SHENZHEN),FU TAI HUA INDUSTRY (SHENZHEN),CN
FUJI CORPORATION,FUJI,FUJI,JP
"FUJI XEROX CO., LTD.",FUJI XEROX,FUJI XEROX,JP
FUJIFILM BUSINESS INNOVATION CORP.,FUJIFILM BUSINESS INNOVATION,FUJIFILM BUSINESS INNOVATION,JP
"Futaijing Precision Electronics (Yantai) Co., Ltd.",FUTAIJING PRECISION ELECTRONICS (YANTAI),FUTAIJING PRECISION ELECTRONICS (YANTAI),CN
FUTRONICS (NA) CORPORATION,FUTRONICS (NA),FUTRONICS (NA),US
G-TEKT CORPORATION,G-TEKT,G-TEKT,JP
GAIOTTO AUTOMATION S.P.A.,GAIOTTO AUTOMATION,GAIOTTO AUTOMATION,IT
Gary Lee Drew,GARY LEE DREW,GARY LEE DREW,US
GDM HOLDING LLC,GDM,GDM,US
"GECKO ROBOTICS, INC.",GECKO ROBOTICS,GECKO ROBOTICS,US
"GED INTEGRATED SOLUTIONS, INC.",GED INTEGRATED SOLUTIONS,GED INTEGRATED SOLUTIONS,US
General Cybernation Group Inc.,GENERAL CYBERNATION GROUP,GENERAL CYBERNATION GROUP,US
GENERAL ELECTRIC COMPANY,GENERAL ELECTRIC,GENERAL ELECTRIC,US
General Electric Company,GENERAL ELECTRIC,GENERAL ELECTRIC,US
GENIE INDUSTRIES BV,GENIE INDUSTRIES,GENIE INDUSTRIES,NL
George K. Ghanem,GEORGE K GHANEM,GEORGE K GHANEM,US
GEORGIA TECH RESEARCH CORPORATION,GEORGIA TECH RESEARCH,GEORGIA TECH RESEARCH,US
GHOST ROBOTICS CORPORATION,GHOST ROBOTICS,GHOST ROBOTICS,US
"GIANT (ASSIGNMENT FOR THE BENEFIT OF CREDITORS), LLC",GIANT (ASSIGNMENT FOR THE BENEFIT OF CREDITORS),GIANT (ASSIGNMENT FOR THE BENEFIT OF CREDITORS),US
GIMATIC S.R.L.,GIMATIC,GIMATIC,IT
GIMATIC S.r.l.,GIMATIC,GIMATIC,IT
GIMATIC S.P.A.,GIMATIC,GIMATIC,IT
GM GLOBAL TECHNOLOGY OPERATIONS LLC,GM GLOBAL TECHNOLOGY OPERATIONS,GM,US
GM Global Technology Operations LLC,GM GLOBAL TECHNOLOGY OPERATIONS,GM,US
"GM GLOBAL TECHNOLOGY OPERATIONS, LLC",GM GLOBAL TECHNOLOGY OPERATIONS,GM,US
GOERTEK INC.,GOERTEK,GOERTEK,CN
"GOERTEK TECHNOLOGY CO., LTD.",GOERTEK TECHNOLOGY,GOERTEK TECHNOLOGY,CN
GOOGLE LLC,GOOGLE,ALPHABET,US
Google Inc.,GOOGLE,ALPHABET,US
Google LLC,GOOGLE,ALPHABET,US
"GRABIT, INC.",GRABIT,GRABIT,US
Grain Weevil Corporation,GRAIN WEEVIL,GRAIN WEEVIL,US
GRAYMATTER ROBOTICS INC.,GRAYMATTER ROBOTICS,GRAYMATTER ROBOTICS,US
"GREE ELECTRIC APPLIANCES, INC. OF ZHUHAI",GREE ELECTRIC APPLIANCES OF ZHUHAI,GREE ELECTRIC APPLIANCES OF ZHUHAI,CN
Grey Orange Incorporated,GREY ORANGE,GREY ORANGE,US
GRIDIRON ROBOTICS LLC,GRIDIRON ROBOTICS,GRIDIRON ROBOTICS,US
"GROOVE X, INC.",GROOVE X,GROOVE X,JP
"GRUPO BIMBO, S.A.B. DE C.V.",GRUPO BIMBO SAB DE CV,GRUPO BIMBO SAB DE CV,MX
GUANGDONG O-MATIC INTELLIGENT ROBOT LIMITED,GUANGDONG O-MATIC INTELLIGENT ROBOT,GUANGDONG O-MATIC INTELLIGENT ROBOT,CN
GUANGDONG UNIVERSITY OF TECHNOLOGY,GUANGDONG UNIVERSITY OF TECHNOLOGY,GUANGDONG UNIVERSITY OF TECHNOLOGY,CN
GUANGZHOU COLLEGE OF TECHNOLOGY AND BUSINESS,GUANGZHOU COLLEGE OF TECHNOLOGY AND BUSINESS,GUANGZHOU COLLEGE OF TECHNOLOGY AND BUSINESS,CN
HADDADIN BETEILIGUNGS UG,HADDADIN BETEILIGUNGS UG,HADDADIN BETEILIGUNGS UG,DE
"HAI ROBOTICS CO., LTD.",HAI ROBOTICS,HAI ROBOTICS,CN
Hamilton Sundstrand Corporation,HAMILTON SUNDSTRAND,HAMILTON SUNDSTRAND,US
"HAN, FANYUAN",HAN FANYUAN,HAN FANYUAN,CN
"Hand Held Products, Inc.",HAND HELD PRODUCTS,HAND HELD PRODUCTS,US
"HANDHABUNGS-, AUTOMATISIERUNGS- UND PRAEZISIONSTECHNIK GMBH",HANDHABUNGS- AUTOMATISIERUNGS- UND PRAEZISIONSTECHNIK,HANDHABUNGS- AUTOMATISIERUNGS- UND PRAEZISIONSTECHNIK,DE
"HANGZHOU KAIERDA WELDING ROBOT CO., LTD.",HANGZHOU KAIERDA WELDING ROBOT,HANGZHOU KAIERDA WELDING ROBOT,CN
"HANGZHOU QISU TECHNOLOGY CO., LTD.",HANGZHOU QISU TECHNOLOGY,HANGZHOU QISU TECHNOLOGY,CN
"HANGZHOU SHENHAO TECHNOLOGY CO., LTD.",HANGZHOU SHENHAO TECHNOLOGY,HANGZHOU SHENHAO TECHNOLOGY,CN
"HANGZHOU TARO POSITIONING TECHNOLOGY CO., LTD.",HANGZHOU TARO POSITIONING TECHNOLOGY,HANGZHOU TARO POSITIONING TECHNOLOGY,CN
"HANGZHOU YAMEILIJIA TECHNOLOGY CO., LTD.",HANGZHOU YAMEILIJIA TECHNOLOGY,HANGZHOU YAMEILIJIA TECHNOLOGY,CN
"HANGZHOU YUSHU TECHNOLOGY CO.,LTD.",HANGZHOU YUSHU TECHNOLOGY COLTD,HANGZHOU YUSHU TECHNOLOGY COLTD,CN
"HANKOOKROBOTICS CO., LTD.",HANKOOKROBOTICS,HANKOOKROBOTICS,KR
"HANUL SYSTEM CO., LTD.",HANUL SYSTEM,HANUL SYSTEM,KR
"HANWHA CO., LTD.",HANWHA,HANWHA,KR
"HANWHA LAND SYSTEMS CO., LTD.",HANWHA LAND SYSTEMS,HANWHA LAND SYSTEMS,KR
"HANWHA PRECISION MACHINERY CO., LTD.",HANWHA PRECISION MACHINERY,HANWHA PRECISION MACHINERY,KR
HANWHA ROBOTICS CORPORATION,HANWHA ROBOTICS,HANWHA ROBOTICS,KR
Haoxu Wang,HAOXU WANG,HAOXU WANG,CA
Harbin Institute of Technology,HARBIN INSTITUTE OF TECHNOLOGY,HARBIN INSTITUTE OF TECHNOLOGY,CN
HARBIN INSTITUTE OF TECHNOLOGY,HARBIN INSTITUTE OF TECHNOLOGY,HARBIN INSTITUTE OF TECHNOLOGY,CN
"Harbin Institute of Technology, Shenzhen",HARBIN INSTITUTE OF TECHNOLOGY SHENZHEN,HARBIN INSTITUTE OF TECHNOLOGY SHENZHEN,CN
"Harmonic Bionics, Inc.",HARMONIC BIONICS,HARMONIC BIONICS,US
Harris Corporation,HARRIS,HARRIS,US
Hehua Ju,HEHUA JU,HEHUA JU,CN
Heinz Hemken,HEINZ HEMKEN,HEINZ HEMKEN,US
Hello Robot,HELLO ROBOT,HELLO ROBOT,US
"HEXAGON METROLOGY, INC.",HEXAGON METROLOGY,HEXAGON METROLOGY,US
"HIGHRES BIOSOLUTIONS, INC",HIGHRES BIOSOLUTIONS,HIGHRES BIOSOLUTIONS,US
"HIGHRES BIOSOLUTIONS, INC.",HIGHRES BIOSOLUTIONS,HIGHRES BIOSOLUTIONS,US
HILTI AKTIENGESELLSCHAFT,HILTI,HILTI,LI
HIRATA CORPORATION,HIRATA,HIRATA,JP
"HITACHI, LTD.",HITACHI,HITACHI,JP
"Hitachi, Ltd.",HITACHI,HITACHI,JP
HITACHI LTD.,HITACHI,HITACHI,JP
HITACHI HIGH-TECH CORPORATION,HITACHI HIGH-TECH,HITACHI HIGH-TECH,JP
"HITACHI TRANSPORT SYSTEM, LTD.",HITACHI TRANSPORT SYSTEM,HITACHI TRANSPORT SYSTEM,JP
HIWIN TECHNOLOGIES CORP.,HIWIN TECHNOLOGIES,HIWIN TECHNOLOGIES,TW
Hiwin Technologies Corp.,HIWIN TECHNOLOGIES,HIWIN TECHNOLOGIES,TW
"HL ROBOTICS CO., LTD.",HL ROBOTICS,HL ROBOTICS,KR
"HONDA MOTOR CO., LTD.",HONDA MOTOR,HONDA,JP
"HONDA MOTOR CO., LTD",HONDA MOTOR,HONDA,JP
"Honda Motor Co., Ltd.",HONDA MOTOR,HONDA,JP
HONDA RESEARCH INSTITUTE EUROPE GMBH,HONDA RESEARCH INSTITUTE EUROPE,HONDA,DE
Honda Research Institute Europe GmbH,HONDA RESEARCH INSTITUTE EUROPE,HONDA,DE
HONG KONG CENTRE FOR LOGISTICS ROBOTICS LIMITED,HONG KONG CENTRE FOR LOGISTICS ROBOTICS,HONG KONG CENTRE FOR LOGISTICS ROBOTICS,CN
House of Design LLC,HOUSE OF DESIGN,HOUSE OF DESIGN,US
"HRL Laboratories, LLC",HRL LABORATORIES,HRL LABORATORIES,US
"HUAWEI TECHNOLOGIES CO., LTD.",HUAWEI TECHNOLOGIES,HUAWEI TECHNOLOGIES,CN
Huazhong University of Science and Technology,HUAZHONG UNIVERSITY OF SCIENCE AND TECHNOLOGY,HUAZHONG UNIVERSITY OF SCIENCE AND TECHNOLOGY,CN
"HURCO COMPANIES, INC.",HURCO COMPANIES,HURCO COMPANIES,US
"HYPERTHERM, INC.",HYPERTHERM,HYPERTHERM,US
"Hyundai Mobis Co., Ltd.",HYUNDAI MOBIS,HYUNDAI MOTOR GROUP,KR
"HYUNDAI MOBIS CO., LTD.",HYUNDAI MOBIS,HYUNDAI MOTOR GROUP,KR
Hyundai Motor Company,HYUNDAI MOTOR,HYUNDAI MOTOR GROUP,KR
HYUNDAI MOTOR COMPANY,HYUNDAI MOTOR,HYUNDAI MOTOR GROUP,KR
"I-PRO CO., LTD.",I-PRO,I-PRO,JP
Igor Morozov,IGOR MOROZOV,IGOR MOROZOV,UA
IHI CORPORATION,IHI,IHI,JP
"IIDA GROUP HOLDINGS CO., LTD.",IIDA GROUP,IIDA GROUP,JP
IKUTUKI,IKUTUKI,IKUTUKI,US
Illinois Tool Works Inc.,ILLINOIS TOOL WORKS,ILLINOIS TOOL WORKS,US
INDUSTRIAL TECHNOLOGY RESEARCH INSTITUTE,INDUSTRIAL TECHNOLOGY RESEARCH INSTITUTE,INDUSTRIAL TECHNOLOGY RESEARCH INSTITUTE,TW
Industrial Technology Research Institute,INDUSTRIAL TECHNOLOGY RESEARCH INSTITUTE,INDUSTRIAL TECHNOLOGY RESEARCH INSTITUTE,TW
INDUSTRIE-PARTNER GMBH RADEBEUL-COSWIG,INDUSTRIE-PARTNER RADEBEUL-COSWIG,INDUSTRIE-PARTNER RADEBEUL-COSWIG,DE
INDUSTRY-UNIVERSITY COOPERATION FOUNDATION HANYANG UNIVERSITY ERICA CAMPUS,INDUSTRY-UNIVERSITY COOPERATION FOUNDATION HANYANG UNIVERSITY ERICA CAMPUS,INDUSTRY-UNIVERSITY COOPERATION FOUNDATION HANYANG UNIVERSITY ERICA CAMPUS,KR
Infineon Technologies Austria AG,INFINEON TECHNOLOGIES AUSTRIA,INFINEON TECHNOLOGIES AUSTRIA,AT
INSTITUT DE RECHERCHE TECHNOLOGIQUE JULES VERNE,INSTITUT DE RECHERCHE TECHNOLOGIQUE JULES VERNE,INSTITUT DE RECHERCHE TECHNOLOGIQUE JULES VERNE,FR
INSTITUTE FOR INFORMATION INDUSTRY,INSTITUTE FOR INFORMATION INDUSTRY,INSTITUTE FOR INFORMATION INDUSTRY,TW
"INSTITUTE OF COMPUTING TECHNOLOGY, CHINESE ACADEMY OF SCIENCES",INSTITUTE OF COMPUTING TECHNOLOGY CHINESE ACADEMY OF SCIENCES,INSTITUTE OF COMPUTING TECHNOLOGY CHINESE ACADEMY OF SCIENCES,CN
"Institute of Nuclear Energy Research, Atomic Energy Council, Executive Yuan",INSTITUTE OF NUCLEAR ENERGY RESEARCH ATOMIC ENERGY COUNCIL EXECUTIVE YUAN,INSTITUTE OF NUCLEAR ENERGY RESEARCH ATOMIC ENERGY COUNCIL EXECUTIVE YUAN,TW
Intel Corporation,INTEL,INTEL,US
INTEL CORPORATION,INTEL,INTEL,US
"INTELLIGRATED HEADQUARTERS, LLC",INTELLIGRATED HEADQUARTERS,INTELLIGRATED HEADQUARTERS,US
"Intelligrated Headquarters, LLC",INTELLIGRATED HEADQUARTERS,INTELLIGRATED HEADQUARTERS,US
INTERMAN CORPORATION,INTERMAN,INTERMAN,JP
International Business Machines Corporation,INTERNATIONAL BUSINESS MACHINES,INTERNATIONAL BUSINESS MACHINES,US
INTERNATIONAL BUSINESS MACHINES CORPORATION,INTERNATIONAL BUSINESS MACHINES,INTERNATIONAL BUSINESS MACHINES,US
International Electronic Machines Corp.,INTERNATIONAL ELECTRONIC MACHINES,INTERNATIONAL ELECTRONIC MACHINES,US
INTERSCIENCE,INTERSCIENCE,INTERSCIENCE,FR
"INTEVA PRODUCTS, LLC",INTEVA PRODUCTS,INTEVA PRODUCTS,US
"INTOUCH TECHNOLOGIES, INC.",INTOUCH TECHNOLOGIES,INTOUCH TECHNOLOGIES,US
"LLC, INTRINSIC I",INTRINSIC I,INTRINSIC I,US
INTRINSIC INNOVATION LLC,INTRINSIC INNOVATION,ALPHABET,US
"Intuition Robotics, Ltd",INTUITION ROBOTICS,INTUITION ROBOTICS,IL
"Intuitive Surgical Operations, Inc.",INTUITIVE SURGICAL OPERATIONS,INTUITIVE SURGICAL OPERATIONS,US
Inventec (Pudong) Technology Corporation,INVENTEC (PUDONG) TECHNOLOGY,INVENTEC (PUDONG) TECHNOLOGY,CN
INVENTIO AG,INVENTIO,INVENTIO,CH
"INVIA ROBOTICS, INC.",INVIA ROBOTICS,INVIA ROBOTICS,US
"inVia Robotics, Inc.",INVIA ROBOTICS,INVIA ROBOTICS,US
INVITE GMBH,INVITE,INVITE,DE
IPR—Intelligente Peripherien für Roboter Gmb,IPR—INTELLIGENTE PERIPHERIEN FÜR ROBOTER GMB,IPR—INTELLIGENTE PERIPHERIEN FÜR ROBOTER GMB,DE
iRobot Corporation,IROBOT,IROBOT,US
IROBOT CORPORATION,IROBOT,IROBOT,US
"IROBOT DEFENSE HOLDINGS, INC.",IROBOT DEFENSE,IROBOT DEFENSE,US
"ISHIDA CO., LTD.",ISHIDA,ISHIDA,JP
IUCF-HYU (INDUSTRY-UNIVERSITY COOPERATION FOUNDATION HANYANG UNIVERSITY),IUCF-HYU (INDUSTRY-UNIVERSITY COOPERATION FOUNDATION HANYANG UNIVERSITY),IUCF-HYU (INDUSTRY-UNIVERSITY COOPERATION FOUNDATION HANYANG UNIVERSITY),KR
IXOVA INC,IXOVA,IXOVA,US
J. Schmalz GmbH,J SCHMALZ,J SCHMALZ,DE
Jack Adiletta,JACK ADILETTA,JACK ADILETTA,US
"JAKA ROBOTICS CO., LTD.",JAKA ROBOTICS,JAKA ROBOTICS,CN
James P. Morgan,JAMES P MORGAN,JAMES P MORGAN,US
"James Walter Beard, III",JAMES WALTER BEARD III,JAMES WALTER BEARD III,US
"JANOME SEWING MACHINE CO., LTD.",JANOME SEWING MACHINE,JANOME SEWING MACHINE,JP
JANOME SEWING MACHINE CO. LTD.,JANOME SEWING MACHINE,JANOME SEWING MACHINE,JP
"JAPAN CASH MACHINE CO., LTD.",JAPAN CASH MACHINE,JAPAN CASH MACHINE,JP
JAPAN SCIENCE AND TECHNOLOGY AGENCY,JAPAN SCIENCE AND TECHNOLOGY AGENCY,JAPAN SCIENCE AND TECHNOLOGY AGENCY,JP
Jason Yan,JASON YAN,JASON YAN,TW
JCE BIOTECHNOLOGY,JCE BIOTECHNOLOGY,JCE BIOTECHNOLOGY,FR
"JINGDONG TECHNOLOGY INFORMATION TECHNOLOGY CO., LTD.",JINGDONG TECHNOLOGY INFORMATION TECHNOLOGY,JINGDONG TECHNOLOGY INFORMATION TECHNOLOGY,CN
John C. Nappo,JOHN C NAPPO,JOHN C NAPPO,US
JOHNAN CORPORATION,JOHNAN,JOHNAN,JP
Jose Ignacio Acitores Garcia,JOSE IGNACIO ACITORES GARCIA,JOSE IGNACIO ACITORES GARCIA,ES
Jose Luna,JOSE LUNA,JOSE LUNA,US
Joseph E Augenbraun,JOSEPH E AUGENBRAUN,JOSEPH E AUGENBRAUN,US
KABUSHIKI KAISYA LEBEN,KABUSHIKI KAISYA LEBEN,KABUSHIKI KAISYA LEBEN,JP
"KAIROS AUTONOMI, INC.",KAIROS AUTONOMI,KAIROS AUTONOMI,US
KAMOSEIKO KABUSHIKI KAISHA,KAMOSEIKO,KAMOSEIKO,JP
"KANAE KOGYO CO., LTD.",KANAE KOGYO,KANAE KOGYO,JP
KASTANIENBAUM GMBH,KASTANIENBAUM,FRANKA,DE
KAWASAKI JUKOGYO KABUSHIKI KAISHA,KAWASAKI JUKOGYO,KAWASAKI HEAVY INDUSTRIES,JP
KEBA AG,KEBA,KEBA,AT
"Keenon Robotics Co., Ltd.",KEENON ROBOTICS,KEENON ROBOTICS,CN
Kenneth C. Miller,KENNETH C MILLER,KENNETH C MILLER,US
KEYENCE CORPORATION,KEYENCE,KEYENCE,JP
KEYWESTTECH LLC.,KEYWESTTECH,KEYWESTTECH,US
Khaled Elbehiery,KHALED ELBEHIERY,KHALED ELBEHIERY,US
Khalifa University of Science and Technology,KHALIFA UNIVERSITY OF SCIENCE AND TECHNOLOGY,KHALIFA UNIVERSITY OF SCIENCE AND TECHNOLOGY,AE
KHALIFA UNIVERSITY OF SCIENCE AND TECHNOLOGY,KHALIFA UNIVERSITY OF SCIENCE AND TECHNOLOGY,KHALIFA UNIVERSITY OF SCIENCE AND TECHNOLOGY,AE
Khalifa University of Science and Technology and The Aerospace Holding Company LLC,KHALIFA UNIVERSITY OF SCIENCE AND TECHNOLOGY AND THE AEROSPACE,KHALIFA UNIVERSITY OF SCIENCE AND TECHNOLOGY AND THE AEROSPACE,AE
Kia Motors Corporation,KIA MOTORS,HYUNDAI MOTOR GROUP,KR
KIMIYA GMBH,KIMIYA,KIMIYA,DE
Kindred Systems Inc.,KINDRED SYSTEMS,KINDRED SYSTEMS,CA
KINDRED SYSTEMS INC.,KINDRED SYSTEMS,KINDRED SYSTEMS,US
KINDRED SYSTEMS II INC.,KINDRED SYSTEMS II,KINDRED SYSTEMS II,CA
Kinetic Pressure Control Ltd.,KINETIC PRESSURE CONTROL,KINETIC PRESSURE CONTROL,US
King Abdulaziz University,KING ABDULAZIZ UNIVERSITY,KING ABDULAZIZ UNIVERSITY,SA
KING SAUD UNIVERSITY,KING SAUD UNIVERSITY,KING SAUD UNIVERSITY,SA
KINOVA INC.,KINOVA,KINOVA,CA
Kitchen Robotics Ltd,KITCHEN ROBOTICS,KITCHEN ROBOTICS,IL
KITO CORPORATION,KITO,KITO,JP
KNOWLEDGE INITIATIVES LLC,KNOWLEDGE INITIATIVES,KNOWLEDGE INITIATIVES,US
KNR SYSTEMS INC.,KNR SYSTEMS,KNR SYSTEMS,KR
"KABUSHIKI KAISHA KOBE SEIKO SHO (KOBE STEEL, LTD.)",KOBE SEIKO SHO (KOBE STEEL ),KOBE SEIKO SHO (KOBE STEEL ),JP
"Kobe Steel, Ltd.",KOBE STEEL,KOBE STEEL,JP
"Konica Minolta, Inc.",KONICA MINOLTA,KONICA MINOLTA,JP
KOREA ADVANCED INSTITUTE OF SCIENCE AND TECHNOLOGY,KOREA ADVANCED INSTITUTE OF SCIENCE AND TECHNOLOGY,KOREA ADVANCED INSTITUTE OF SCIENCE AND TECHNOLOGY,KR
KOREA ATOMIC ENERGY RESEARCH INSTITUTE,KOREA ATOMIC ENERGY RESEARCH INSTITUTE,KOREA ATOMIC ENERGY RESEARCH INSTITUTE,KR
KOREA INSTITUTE OF INDUSTRIAL TECHNOLOGY,KOREA INSTITUTE OF INDUSTRIAL TECHNOLOGY,KOREA INSTITUTE OF INDUSTRIAL TECHNOLOGY,KR
KOREA INSTITUTE OF MACHINERY & MATERIALS,KOREA INSTITUTE OF MACHINERY & MATERIALS,KOREA INSTITUTE OF MACHINERY & MATERIALS,KR
KOREA INSTITUTE OF ROBOT & CONVERGENCE,KOREA INSTITUTE OF ROBOT & CONVERGENCE,KOREA INSTITUTE OF ROBOT & CONVERGENCE,KR
KOREA INSTITUTE OF ROBOT AND CONVERGENCE,KOREA INSTITUTE OF ROBOT AND CONVERGENCE,KOREA INSTITUTE OF ROBOT AND CONVERGENCE,KR
Korea Institute of Science and Technology,KOREA INSTITUTE OF SCIENCE AND TECHNOLOGY,KOREA INSTITUTE OF SCIENCE AND TECHNOLOGY,KR
KOREA INSTITUTE OF SCIENCE AND TECHNOLOGY,KOREA INSTITUTE OF SCIENCE AND TECHNOLOGY,KOREA INSTITUTE OF SCIENCE AND TECHNOLOGY,KR
KOREA UNIVERSITY OF TECHNOLOGY AND EDUCATION INDUSTRY-UNIVERSITY COOPERATION FOUNDATION,KOREA UNIVERSITY OF TECHNOLOGY AND EDUCATION INDUSTRY-UNIVERSITY COOPERATION FOUNDATION,KOREA UNIVERSITY OF TECHNOLOGY AND EDUCATION INDUSTRY-UNIVERSITY COOPERATION FOUNDATION,KR
KOREA UNIVERSITY RESEARCH AND BUSINESS FOUNDATION,KOREA UNIVERSITY RESEARCH AND BUSINESS FOUNDATION,KOREA UNIVERSITY RESEARCH AND BUSINESS FOUNDATION,KR
KRONES AKTIENGESELLSCHAFT,KRONES,KRONES,DE
KRONES AG,KRONES,KRONES,DE
KUBO ROBOTICS APS,KUBO ROBOTICS,KUBO ROBOTICS,DK
KUKA AKTIENGESELLSCHAFT,KUKA,KUKA,DE
KUKA Deutschland GmbH,KUKA DEUTSCHLAND,KUKA,DE
KUKA DEUTSCHLAND GMBH,KUKA DEUTSCHLAND,KUKA,DE
KUKA HUNGÁRIA KORLÁTOLT FELELÕSSÉGÛ TÁRSASÁG,KUKA HUNGÁRIA KORLÁTOLT FELELÕSSÉGÛ TÁRSASÁG,KUKA,HU
KUKA LABORATORIES GMBH,KUKA LABORATORIES,KUKA,DE
KUKA ROBOTER GMBH,KUKA ROBOTER,KUKA,DE
KUKA SYSTEMS GMBH,KUKA SYSTEMS,KUKA,DE
Kun Cheng,KUN CHENG,KUN CHENG,US
KURASHIKI BOSEKI KABUSHIKI KAISHA,KURASHIKI BOSEKI,KURASHIKI BOSEKI,JP
KYOCERA CORPORATION,KYOCERA,KYOCERA,JP
"KYORAKU CO., LTD.",KYORAKU,KYORAKU,JP
"L3HARRIS TECHNOLOGIES, INC.",L3HARRIS TECHNOLOGIES,L3HARRIS TECHNOLOGIES,US
L5 AUTOMATION INC.,L5 AUTOMATION,L5 AUTOMATION,CA
"LAUREL PRECISION CO., LTD",LAUREL PRECISION,LAUREL PRECISION,JP
LG ELECTRONICS INC.,LG ELECTRONICS,LG,KR
LG Electronics Inc.,LG ELECTRONICS,LG,KR
LIEBHERR-VERZAHNTECHNIK GMBH,LIEBHERR-VERZAHNTECHNIK,LIEBHERR-VERZAHNTECHNIK,DE
Life Robotics Inc.,LIFE ROBOTICS,LIFE ROBOTICS,JP
"LINCOLN GLOBAL, INC.",LINCOLN GLOBAL,LINCOLN GLOBAL,US
"Little Caesar Enterprises, Inc.",LITTLE CAESAR ENTERPRISES,LITTLE CAESAR ENTERPRISES,US
LOCUS ROBOTICS CORP.,LOCUS ROBOTICS,LOCUS ROBOTICS,US
Lon Radin,LON RADIN,LON RADIN,US
"Lucomm Technologies, Inc.",LUCOMM TECHNOLOGIES,LUCOMM TECHNOLOGIES,US
Luis Guzman,LUIS GUZMAN,LUIS GUZMAN,US
M. Mohsen Saadat,M MOHSEN SAADAT,M MOHSEN SAADAT,DE
MABIS,MABIS,MABIS,FR
"MACDONALD, DETTWILER AND ASSOCIATES INC.",MACDONALD DETTWILER AND ASSOCIATES,MACDONALD DETTWILER AND ASSOCIATES,CA
"MacDonald, Dettwiler and Associates Inc.",MACDONALD DETTWILER AND ASSOCIATES,MACDONALD DETTWILER AND ASSOCIATES,CA
MAGAZINO GMBH,MAGAZINO,MAGAZINO,DE
"MAGIC LEAP, INC.",MAGIC LEAP,MAGIC LEAP,US
MAGNA INTERNATIONAL INC.,MAGNA INTERNATIONAL,MAGNA INTERNATIONAL,CA
MAGNA POWERTRAIN GMBH & CO KG,MAGNA POWERTRAIN & CO KG,MAGNA POWERTRAIN & CO KG,AT
MAGSWITCH AUTOMATION COMPANY,MAGSWITCH AUTOMATION,MAGSWITCH AUTOMATION,US
"Mantis Robotics, Inc.",MANTIS ROBOTICS,MANTIS ROBOTICS,US
Marcel Reese,MARCEL REESE,MARCEL REESE,DE
MAREL A/S,MAREL A/S,MAREL A/S,DK
"MARMON FOODSERVICE TECHNOLOGIES, INC.",MARMON FOODSERVICE TECHNOLOGIES,MARMON FOODSERVICE TECHNOLOGIES,US
Martin Zimmer,MARTIN ZIMMER,MARTIN ZIMMER,DE
MASSACHUSETTS INSTITUTE OF TECHNOLOGY,MASSACHUSETTS INSTITUTE OF TECHNOLOGY,MASSACHUSETTS INSTITUTE OF TECHNOLOGY,US
Massachusetts Institute of Technology,MASSACHUSETTS INSTITUTE OF TECHNOLOGY,MASSACHUSETTS INSTITUTE OF TECHNOLOGY,US
"MATERIAL HANDLING SYSTEMS, INC.",MATERIAL HANDLING SYSTEMS,MATERIAL HANDLING SYSTEMS,US
Matthew E. Trompeter,MATTHEW E TROMPETER,MATTHEW E TROMPETER,US
Matthew S. Ulliman,MATTHEW S ULLIMAN,MATTHEW S ULLIMAN,US
MAX-PLANCK­-GESELLSCHAFT ZUR FORDERUNG DER WISSENSCHAFTEN E.V.,MAX-PLANCK­-GESELLSCHAFT ZUR FORDERUNG DER WISSENSCHAFTEN EV,MAX-PLANCK­-GESELLSCHAFT ZUR FORDERUNG DER WISSENSCHAFTEN EV,DE
"MAYEKAWA MFG. CO., LTD.",MAYEKAWA MFG,MAYEKAWA MFG,JP
"Medivis, Inc.",MEDIVIS,MEDIVIS,US
"MEGAROBO TECHNOLOGIES CO., LTD.",MEGAROBO TECHNOLOGIES,MEGAROBO TECHNOLOGIES,CN
MEKANIKA INC.,MEKANIKA,MEKANIKA,CA
MELTIN INC.,MELTIN,MELTIN,JP
MERCEDES BENZ GROUP AG,MERCEDES BENZ GROUP,MERCEDES BENZ GROUP,DE
Metal Industries Research & Development Centre,METAL INDUSTRIES RESEARCH & DEVELOPMENT CENTRE,METAL INDUSTRIES RESEARCH & DEVELOPMENT CENTRE,TW
METISS B.V.,METISS,METISS,NL
MGS Machine Corporation,MGS MACHINE,MGS MACHINE,US
"MICROSOFT TECHNOLOGY LICENSING, LLC",MICROSOFT TECHNOLOGY LICENSING,MICROSOFT TECHNOLOGY LICENSING,US
"Microsoft Technology Licensing, LLC",MICROSOFT TECHNOLOGY LICENSING,MICROSOFT TECHNOLOGY LICENSING,US
MID ATLANTIC MACHINERY,MID ATLANTIC MACHINERY,MID ATLANTIC MACHINERY,US
Milos Misha Subotincic,MILOS MISHA SUBOTINCIC,MILOS MISHA SUBOTINCIC,CA
Ming Zhang,MING ZHANG,MING ZHANG,CA
MIRALIS INC.,MIRALIS,MIRALIS,CA
MITSUBISHI ELECTRIC CORPORATION,MITSUBISHI ELECTRIC,MITSUBISHI ELECTRIC,JP
"Mitsubishi Electric Research Laboratories, Inc.",MITSUBISHI ELECTRIC RESEARCH LABORATORIES,MITSUBISHI ELECTRIC,US
MITSUBISHI ELECTRIC RESEARCH LABORATORIES INC.,MITSUBISHI ELECTRIC RESEARCH LABORATORIES,MITSUBISHI ELECTRIC,US
"MITSUBISHI ELECTRIC RESEARCH LABORATORIES, INC.",MITSUBISHI ELECTRIC RESEARCH LABORATORIES,MITSUBISHI ELECTRIC,US
"MITSUBISHI HEAVY INDUSTRIES, LTD.",MITSUBISHI HEAVY INDUSTRIES,MITSUBISHI HEAVY INDUSTRIES,JP
Mitutoyo Corporation,MITUTOYO,MITUTOYO,JP
MOBILE INDUSTRIAL ROBOTS A/S,MOBILE INDUSTRIAL ROBOTS A/S,MOBILE INDUSTRIAL ROBOTS A/S,DK
Mokpo National Maritime University Industry-Academic Cooperation Foundation,MOKPO NATIONAL MARITIME UNIVERSITY INDUSTRY-ACADEMIC COOPERATION FOUNDATION,MOKPO NATIONAL MARITIME UNIVERSITY INDUSTRY-ACADEMIC COOPERATION FOUNDATION,KR
"MONOTONY.AI, INC.",MONOTONYAI,MONOTONYAI,US
Moog Inc.,MOOG,MOOG,US
Moshe Shapiro,MOSHE SHAPIRO,MOSHE SHAPIRO,IL
MP ZENROBOTICS OY,MP ZENROBOTICS,MP ZENROBOTICS,FI
MTM ROBOTICS LLC,MTM ROBOTICS,MTM ROBOTICS,US
"MUJIN, INC.",MUJIN,MUJIN,JP
"Mujin, Inc.",MUJIN,MUJIN,JP
"MUJIN, Inc.",MUJIN,MUJIN,JP
MUSCLE CORPORATION,MUSCLE,MUSCLE,JP
"Muth Mirror Systems, LLC",MUTH MIRROR SYSTEMS,MUTH MIRROR SYSTEMS,US
"MYTRA, INC.",MYTRA,MYTRA,US
Máquinas Sanmartin Ltda,MÁQUINAS SANMARTIN LTDA,MÁQUINAS SANMARTIN LTDA,BR
NACHI-FUJIKOSHI CORP.,NACHI-FUJIKOSHI,NACHI-FUJIKOSHI,JP
"NAKANISHI METAL WORKS CO., LTD.",NAKANISHI METAL WORKS,NAKANISHI METAL WORKS,JP
"NANJING ESTUN ROBOTICS CO., LTD",NANJING ESTUN ROBOTICS,NANJING ESTUN ROBOTICS,CN
NANJING UNIVERSITY,NANJING UNIVERSITY,NANJING UNIVERSITY,CN
NANJING UNIVERSITY OF AERONAUTICS AND ASTRONAUTICS,NANJING UNIVERSITY OF AERONAUTICS AND ASTRONAUTICS,NANJING UNIVERSITY OF AERONAUTICS AND ASTRONAUTICS,CN
NANYANG TECHNOLOGICAL UNIVERSITY,NANYANG TECHNOLOGICAL UNIVERSITY,NANYANG TECHNOLOGICAL UNIVERSITY,SG
NATIONAL CHIAO TUNG UNIVERSITY,NATIONAL CHIAO TUNG UNIVERSITY,NATIONAL CHIAO TUNG UNIVERSITY,TW
NATIONAL INSTITUTE OF ADVANCED INDUSTRIAL SCIENCE AND TEHCHNOLOGY,NATIONAL INSTITUTE OF ADVANCED INDUSTRIAL SCIENCE AND TEHCHNOLOGY,NATIONAL INSTITUTE OF ADVANCED INDUSTRIAL SCIENCE AND TEHCHNOLOGY,JP
NATIONAL REHABILITATION CENTER,NATIONAL REHABILITATION CENTER,NATIONAL REHABILITATION CENTER,KR
NATIONAL TAIPEI UNIVERSITY OF TECHNOLOGY,NATIONAL TAIPEI UNIVERSITY OF TECHNOLOGY,NATIONAL TAIPEI UNIVERSITY OF TECHNOLOGY,TW
"NATIONAL TECHNOLOGY & ENGINEERING SOLUTIONS OF SANDIA, LLC",NATIONAL TECHNOLOGY & ENGINEERING SOLUTIONS OF SANDIA,NATIONAL TECHNOLOGY & ENGINEERING SOLUTIONS OF SANDIA,US
NATIONAL TSING HUA UNIVERSITY,NATIONAL TSING HUA UNIVERSITY,NATIONAL TSING HUA UNIVERSITY,TW
NATIONAL UNIVERSITY CORPORATION SHIZUOKA UNIVERSITY,NATIONAL UNIVERSITY SHIZUOKA UNIVERSITY,NATIONAL UNIVERSITY SHIZUOKA UNIVERSITY,JP
National Yang Ming Chiao Tung University,NATIONAL YANG MING CHIAO TUNG UNIVERSITY,NATIONAL YANG MING CHIAO TUNG UNIVERSITY,TW
NAVER CORPORATION,NAVER,NAVER,KR
NAVER LABS CORPORATION,NAVER LABS,NAVER LABS,KR
NEC CORPORATION,NEC,NEC,JP
Neil Ludban,NEIL LUDBAN,NEIL LUDBAN,US
NEPTUNE MEDICAL INC.,NEPTUNE MEDICAL,NEPTUNE MEDICAL,US
NEUBILITY INC.,NEUBILITY,NEUBILITY,KR
NEUROCEAN TECHNOLOGIES INC.,NEUROCEAN TECHNOLOGIES,NEUROCEAN TECHNOLOGIES,CN
NEUROMEKA,NEUROMEKA,NEUROMEKA,KR
"NEUROMEKA CO., LTD.",NEUROMEKA,NEUROMEKA,KR
NIDEC CORPORATION,NIDEC,NIDEC,JP
NIDEC INSTRUMENTS CORPORATION,NIDEC INSTRUMENTS,NIDEC INSTRUMENTS,JP
NIDEC SANKYO CORPORATION,NIDEC SANKYO,NIDEC SANKYO,JP
Nikolai Pavlovich Gavrilin,NIKOLAI PAVLOVICH GAVRILIN,NIKOLAI PAVLOVICH GAVRILIN,RU
NIKON CORPORATION,NIKON,NIKON,JP
NIMBL'BOT SAS,NIMBL'BOT,NIMBL'BOT,FR
"NIMBLE ROBOTICS, INC.",NIMBLE ROBOTICS,NIMBLE ROBOTICS,US
"NINGBO INSTITUTE OF MATERIALS TECHNOLOGY & ENGINEERING, CHINESE ACADEMY OF SCIENCES",NINGBO INSTITUTE OF MATERIALS TECHNOLOGY & ENGINEERING CHINESE ACADEMY OF SCIENCES,NINGBO INSTITUTE OF MATERIALS TECHNOLOGY & ENGINEERING CHINESE ACADEMY OF SCIENCES,CN
NIPPON TELEGRAPH AND TELEPHONE CORPORATION,NIPPON TELEGRAPH AND TELEPHONE,NIPPON TELEGRAPH AND TELEPHONE,JP
"NISSAN MOTOR CO., LTD.",NISSAN MOTOR,NISSAN MOTOR,JP
"Nissan North America, Inc.",NISSAN NORTH AMERICA,NISSAN NORTH AMERICA,US
"NISSHA CO.,LTD.",NISSHA COLTD,NISSHA COLTD,JP
NITTA CORPORATION,NITTA,NITTA,JP
"NOISEOUT, INC.",NOISEOUT,NOISEOUT,US
NORTHWESTERN UNIVERSITY,NORTHWESTERN UNIVERSITY,NORTHWESTERN UNIVERSITY,US
NSK LTD.,NSK,NSK,JP
NVIDIA CORP.,NVIDIA,NVIDIA,US
NVIDIA CORPORATION,NVIDIA,NVIDIA,US
"NYX, INC.",NYX,NYX,US
OCADO INNOVATION LIMITED,OCADO INNOVATION,OCADO INNOVATION,GB
"Off-World, Inc.",OFF-WORLD,OFF-WORLD,US
OKAMURA CORPORATION,OKAMURA,OKAMURA,JP
OKUMA CORPORATION,OKUMA,OKUMA,JP
OKURA YUSOKI KABUSHIKI KAISHA,OKURA YUSOKI,OKURA YUSOKI,JP
OLIVER CRISPIN ROBOTICS LIMITED,OLIVER CRISPIN ROBOTICS,OLIVER CRISPIN ROBOTICS,GB
"OMNISHARP, LLC",OMNISHARP,OMNISHARP,US
OMRON CORPORATION,OMRON,OMRON,JP
OMRON Corporation,OMRON,OMRON,JP
ONROBOT A/S,ONROBOT A/S,ONROBOT A/S,DK
"Onward Robotics, Inc.",ONWARD ROBOTICS,ONWARD ROBOTICS,US
OpiFlex Automation AB,OPIFLEX AUTOMATION,OPIFLEX AUTOMATION,SE
Oracle International Corporation,ORACLE INTERNATIONAL,ORACLE INTERNATIONAL,US
Orangewood Labs Inc.,ORANGEWOOD LABS,ORANGEWOOD LABS,US
Osaro,OSARO,OSARO,US
OSHKOSH CORPORATION,OSHKOSH,OSHKOSH,US
"OTHER LAB, LLC",OTHER LAB,OTHER LAB,US
OTIS ELEVATOR COMPANY,OTIS ELEVATOR,OTIS ELEVATOR,US
"OUTRIDER TECHNOLOGIES, INC.",OUTRIDER TECHNOLOGIES,OUTRIDER TECHNOLOGIES,US
OZYEGIN UNIVERSITESI,OZYEGIN UNIVERSITESI,OZYEGIN UNIVERSITESI,TR
"PALLETEC, LLC",PALLETEC,PALLETEC,US
PANASONIC CORPORATION,PANASONIC,PANASONIC,JP
"PANASONIC INTELLECTUAL PROPERTY MANAGEMENT CO., LTD.",PANASONIC INTELLECTUAL PROPERTY MANAGEMENT,PANASONIC,JP
"Panasonic Intellectual Property Management Co., Ltd.",PANASONIC INTELLECTUAL PROPERTY MANAGEMENT,PANASONIC,JP
PANASONIC INTELLECTUAL PROPERTY CORPORATION OF AMERICA,PANASONIC INTELLECTUAL PROPERTY OF AMERICA,PANASONIC,US
"PANASONIC INTTELLECTUAL PROPERTY MANAGEMENT CO., LTD.",PANASONIC INTTELLECTUAL PROPERTY MANAGEMENT,PANASONIC,JP
Paul Ekas,PAUL EKAS,PAUL EKAS,US
PEARSON PACKAGING SYSTEMS,PEARSON PACKAGING SYSTEMS,PEARSON PACKAGING SYSTEMS,US
"PERSIMMON TECHNOLOGIES, CORP.",PERSIMMON TECHNOLOGIES,PERSIMMON TECHNOLOGIES,US
Persimmon Technologies Corporation,PERSIMMON TECHNOLOGIES,PERSIMMON TECHNOLOGIES,US
PERSIMMON TECHNOLOGIES CORPORATION,PERSIMMON TECHNOLOGIES,PERSIMMON TECHNOLOGIES,US
Petoi LLC,PETOI,PETOI,US
"PETOI, LLC",PETOI,PETOI,US
PETRÓLEO BRASILEIRO S.A. – PETROBRAS,PETRÓLEO BRASILEIRO – PETROBRAS,PETRÓLEO BRASILEIRO – PETROBRAS,BR
PHARMA INTEGRATION S.R.L.,PHARMA INTEGRATION,PHARMA INTEGRATION,IT
"PIONEER MATERIAL PRECISION TECH CO., LTD.",PIONEER MATERIAL PRECISION TECH,PIONEER MATERIAL PRECISION TECH,TW
PixArt Imaging Inc,PIXART IMAGING,PIXART IMAGING,TW
"PLAY-I, INC.",PLAY-I,PLAY-I,US
"PLUS ONE ROBOTICS, INC.",PLUS ONE ROBOTICS,PLUS ONE ROBOTICS,US
POLITECNICO DI MILANO,POLITECNICO DI MILANO,POLITECNICO DI MILANO,IT
POLLEN ROBOTICS,POLLEN ROBOTICS,POLLEN ROBOTICS,FR
POSTECH RESEARCH AND BUSINESS DEVELOPMENT FOUNDATION,POSTECH RESEARCH AND BUSINESS DEVELOPMENT FOUNDATION,POSTECH RESEARCH AND BUSINESS DEVELOPMENT FOUNDATION,KR
"PRAMANA, INC.",PRAMANA,PRAMANA,US
"Pramana, Inc.",PRAMANA,PRAMANA,US
PRATT & WHITNEY CANADA CORP.,PRATT & WHITNEY CANADA,PRATT & WHITNEY CANADA,CA
Pratt & Whitney Canada Corp.,PRATT & WHITNEY CANADA,PRATT & WHITNEY CANADA,CA
"Precise Automation, Inc.",PRECISE AUTOMATION,PRECISE AUTOMATION,US
"PREFERRED NETWORKS, INC.",PREFERRED NETWORKS,PREFERRED NETWORKS,JP
PRESIDENT AND FELLOWS OF HARVARD COLLEGE,PRESIDENT AND FELLOWS OF HARVARD COLLEGE,PRESIDENT AND FELLOWS OF HARVARD COLLEGE,US
President and Fellows of Harvard College,PRESIDENT AND FELLOWS OF HARVARD COLLEGE,PRESIDENT AND FELLOWS OF HARVARD COLLEGE,US
PROCESS VISION LTD.,PROCESS VISION,PROCESS VISION,GB
"ProcessChamp, LLC",PROCESSCHAMP,PROCESSCHAMP,US
PROMISE ROBOTICS INC.,PROMISE ROBOTICS,PROMISE ROBOTICS,CA
PURDUE RESEARCH FOUNDATION,PURDUE RESEARCH FOUNDATION,PURDUE RESEARCH FOUNDATION,US
Purdue Research Foundation,PURDUE RESEARCH FOUNDATION,PURDUE RESEARCH FOUNDATION,US
QUALCOMM INCORPORATED,QUALCOMM,QUALCOMM,US
QUANSER CONSULTING INC.,QUANSER CONSULTING,QUANSER CONSULTING,CA
Quanta Computer Inc.,QUANTA COMPUTER,QUANTA COMPUTER,TW
QUANTA STORAGE INC.,QUANTA STORAGE,QUANTA STORAGE,TW
"QUANTUM INNOVATIONS, INC.",QUANTUM INNOVATIONS,QUANTUM INNOVATIONS,US
Rahul Babu,RAHUL BABU,RAHUL BABU,US
RAINBOW DYNAMICS LLC,RAINBOW DYNAMICS,RAINBOW DYNAMICS,US
RAINBOW ROBOTICS,RAINBOW ROBOTICS,RAINBOW ROBOTICS,KR
Rainbow Robotics,RAINBOW ROBOTICS,RAINBOW ROBOTICS,KR
"RAKUTEN GROUP, INC.",RAKUTEN GROUP,RAKUTEN GROUP,JP
RAON ROBOTICS INC.,RAON ROBOTICS,RAON ROBOTICS,KR
"RAPYUTA ROBOTICS, CO., LTD.",RAPYUTA ROBOTICS,RAPYUTA ROBOTICS,JP
"RAPYUTA ROBOTICS CO., LTD",RAPYUTA ROBOTICS,RAPYUTA ROBOTICS,JP
Raytheon Company,RAYTHEON,RAYTHEON,US
RAYTHEON TECHNOLOGIES CORPORATION,RAYTHEON TECHNOLOGIES,RAYTHEON TECHNOLOGIES,US
"REALTIME ROBOTICS, INC.",REALTIME ROBOTICS,REALTIME ROBOTICS,US
"Recognition Robotics, Inc.",RECOGNITION ROBOTICS,RECOGNITION ROBOTICS,US
"ReconRobotics, Inc.",RECONROBOTICS,RECONROBOTICS,US
"RedZone Robotics, Inc.",REDZONE ROBOTICS,REDZONE ROBOTICS,US
Reliabotics LLC,RELIABOTICS,RELIABOTICS,US
REPUBLIC OF KOREA (NATIONAL REHABILITATION CENTER),REPUBLIC OF KOREA (NATIONAL REHABILITATION CENTER),REPUBLIC OF KOREA (NATIONAL REHABILITATION CENTER),KR
Research & Business Foundation Sungkyunkwan University,RESEARCH & BUSINESS FOUNDATION SUNGKYUNKWAN UNIVERSITY,RESEARCH & BUSINESS FOUNDATION SUNGKYUNKWAN UNIVERSITY,KR
"RETHINK ROBOTICS, INC.",RETHINK ROBOTICS,RETHINK ROBOTICS,US
Richard A. Skrinde,RICHARD A SKRINDE,RICHARD A SKRINDE,US
"Ricoh Company, Ltd.",RICOH,RICOH,JP
"RICOH COMPANY, LTD.",RICOH,RICOH,JP
"RIOS INTELLIGENT MACHINES, INC.",RIOS INTELLIGENT MACHINES,RIOS INTELLIGENT MACHINES,US
"RIOS Intelligent Machines, Inc.",RIOS INTELLIGENT MACHINES,RIOS INTELLIGENT MACHINES,미상
RITTAL GMBH & CO. KG,RITTAL & CO KG,RITTAL & CO KG,DE
"Rivian IP Holdings, LLC",RIVIAN IP,RIVIAN IP,US
ROAM ROBOTICS INC.,ROAM ROBOTICS,ROAM ROBOTICS,US
ROBERT BOSCH GMBH,ROBERT BOSCH,ROBERT BOSCH,DE
Robert Bosch GmbH,ROBERT BOSCH,ROBERT BOSCH,DE
Robert Chisena,ROBERT CHISENA,ROBERT CHISENA,US
ROBIM TECHNOLOGIES INC. OF CANADA.,ROBIM TECHNOLOGIES OF CANADA,ROBIM TECHNOLOGIES OF CANADA,CA
"ROBOLIGENT, INC.",ROBOLIGENT,ROBOLIGENT,US
ROBOLOGICS LTD.,ROBOLOGICS,ROBOLOGICS,IL
Robomotive Laboratories LLC,ROBOMOTIVE LABORATORIES,ROBOMOTIVE LABORATORIES,US
"ROBORISEN CO., LTD",ROBORISEN,ROBORISEN,KR
ROBOTAUTOMATION SVENSKA AB,ROBOTAUTOMATION SVENSKA,ROBOTAUTOMATION SVENSKA,SE
"ROBOTIC MATERIALS, INC.",ROBOTIC MATERIALS,ROBOTIC MATERIALS,US
"ROBOTIC TECHNOLOGIES OF TENNESSEE, LLC",ROBOTIC TECHNOLOGIES OF TENNESSEE,ROBOTIC TECHNOLOGIES OF TENNESSEE,US
ROBOTICS DESIGN INC.,ROBOTICS DESIGN,ROBOTICS DESIGN,CA
ROBOTICS PLUS LIMITED,ROBOTICS PLUS,ROBOTICS PLUS,NZ
ROBOTIQ INC.,ROBOTIQ,ROBOTIQ,CA
"ROBOTIS CO., LTD.",ROBOTIS,ROBOTIS,KR
ROBOTIS CO. LTD.,ROBOTIS,ROBOTIS,KR
"ROBOTIS, INC.",ROBOTIS,ROBOTIS,US
"Rockwell Automation Technologies, Inc.",ROCKWELL AUTOMATION TECHNOLOGIES,ROCKWELL AUTOMATION TECHNOLOGIES,US
ROLLS-ROYCE plc,ROLLS-ROYCE,ROLLS-ROYCE,GB
Rolls-Royce plc,ROLLS-ROYCE,ROLLS-ROYCE,GB
Ross Digital PTD Ltd.,ROSS DIGITAL PTD,ROSS DIGITAL PTD,SG
ROSS VIDEO LIMITED,ROSS VIDEO,ROSS VIDEO,CA
Run Ze Gao,RUN ZE GAO,RUN ZE GAO,CA
"SAFETICS, INC.",SAFETICS,SAFETICS,KR
"SALESFORCE.COM, INC.",SALESFORCECOM,SALESFORCECOM,US
Sami Haddadin,SAMI HADDADIN,SAMI HADDADIN,DE
"SAMSUNG ELECTRONICS CO., LTD.",SAMSUNG ELECTRONICS,SAMSUNG,KR
"Samsung Electronics Co., Ltd.",SAMSUNG ELECTRONICS,SAMSUNG,KR
"Samsung Electronics Co., Ltd",SAMSUNG ELECTRONICS,SAMSUNG,미상
"SAMSUNG SDS CO., LTD.",SAMSUNG SDS,SAMSUNG,KR
SANCTUARY COGNITIVE SYSTEMS CORPORATION,SANCTUARY COGNITIVE SYSTEMS,SANCTUARY COGNITIVE SYSTEMS,CA
Sanctuary Cognitive Systems Corporation,SANCTUARY COGNITIVE SYSTEMS,SANCTUARY COGNITIVE SYSTEMS,CA
Santa Clara University,SANTA CLARA UNIVERSITY,SANTA CLARA UNIVERSITY,US
SARCOS CORP.,SARCOS,SARCOS,US
Sarcos Corp.,SARCOS,SARCOS,US
"Sarcos, LC",SARCOS LC,SARCOS LC,US
Sarcos LC,SARCOS LC,SARCOS LC,US
SAUDI ARABIAN OIL COMPANY,SAUDI ARABIAN OIL,SAUDI ARABIAN OIL,SA
SCALABLE ROBOTICS INC.,SCALABLE ROBOTICS,SCALABLE ROBOTICS,US
SCHAEFFLER TECHNOLOGIES AG & CO. KG,SCHAEFFLER TECHNOLOGIES & CO KG,SCHAEFFLER TECHNOLOGIES & CO KG,DE
SCHLUMBERGER TECHNOLOGY CORPORATION,SCHLUMBERGER TECHNOLOGY,SCHLUMBERGER TECHNOLOGY,US
SCHUNK GMBH & CO. KG SPANN-UND GREIFTECHNIK,SCHUNK & CO KG SPANN-UND GREIFTECHNIK,SCHUNK & CO KG SPANN-UND GREIFTECHNIK,DE
SCUOLA SUPERIORE DI STUDI UNIVERSITARI E DI PERFEZIONAMENTO SANT'ANNA,SCUOLA SUPERIORE DI STUDI UNIVERSITARI E DI PERFEZIONAMENTO SANT'ANNA,SCUOLA SUPERIORE DI STUDI UNIVERSITARI E DI PERFEZIONAMENTO SANT'ANNA,IT
Seiko Epson Corporation,SEIKO EPSON,SEIKO EPSON,JP
SEIKO EPSON CORPORATION,SEIKO EPSON,SEIKO EPSON,미상
"Semes Co., Ltd.",SEMES,SEMES,KR
"SEMES CO., LTD.",SEMES,SEMES,KR
"Semiconductor Energy Laboratory Co., Ltd.",SEMICONDUCTOR ENERGY LABORATORY,SEMICONDUCTOR ENERGY LABORATORY,JP
Seoul National University R&DB Foundation,SEOUL NATIONAL UNIVERSITY R&DB FOUNDATION,SEOUL NATIONAL UNIVERSITY R&DB FOUNDATION,KR
Seoul National Unviversity R&DB Foundation,SEOUL NATIONAL UNVIVERSITY R&DB FOUNDATION,SEOUL NATIONAL UNVIVERSITY R&DB FOUNDATION,KR
Seung Whan Jung,SEUNG WHAN JUNG,SEUNG WHAN JUNG,KR
SEW-EURODRIVE GMBH & CO. KG,SEW-EURODRIVE & CO KG,SEW-EURODRIVE & CO KG,DE
SGBI Inc.,SGBI,SGBI,US
Shambhu Nath Roy,SHAMBHU NATH ROY,SHAMBHU NATH ROY,US
"Shandong Tianfeng Zhiyuan Intelligent Technology Co., Ltd.",SHANDONG TIANFENG ZHIYUAN INTELLIGENT TECHNOLOGY,SHANDONG TIANFENG ZHIYUAN INTELLIGENT TECHNOLOGY,CN
SHANDONG UNIVERSITY,SHANDONG UNIVERSITY,SHANDONG UNIVERSITY,CN
Shandong University,SHANDONG UNIVERSITY,SHANDONG UNIVERSITY,CN
"SHANGHAI FLEXIV ROBOTICS TECHNOLOGY CO., LTD.",SHANGHAI FLEXIV ROBOTICS TECHNOLOGY,SHANGHAI FLEXIV ROBOTICS TECHNOLOGY,CN
SHANGHAI JIAOTONG UNIVERSITY,SHANGHAI JIAOTONG UNIVERSITY,SHANGHAI JIAOTONG UNIVERSITY,CN
SHARP KABUSHIKI KAISHA,SHARP,SHARP,JP
"SHENYANG INSTITUTE OF AUTOMATION, CHINESE ACADEMY OF SCIENCES",SHENYANG INSTITUTE OF AUTOMATION CHINESE ACADEMY OF SCIENCES,SHENYANG INSTITUTE OF AUTOMATION CHINESE ACADEMY OF SCIENCES,CN
"SHENZHEN DORABOT ROBOTICS CO., LTD.",SHENZHEN DORABOT ROBOTICS,SHENZHEN DORABOT ROBOTICS,CN
"SHENZHEN MILEBOT ROBOTICS CO., LTD.",SHENZHEN MILEBOT ROBOTICS,SHENZHEN MILEBOT ROBOTICS,CN
"Shenzhen Pengxing Intelligent Research Co., Ltd.",SHENZHEN PENGXING INTELLIGENT RESEARCH,SHENZHEN PENGXING INTELLIGENT RESEARCH,CN
"SHENZHEN QYSEA TECH CO., LTD.",SHENZHEN QYSEA TECH,SHENZHEN QYSEA TECH,CN
"SHENZHEN SPHERICAL FLUID POWER TECHNOLOGY CO.,LTD.",SHENZHEN SPHERICAL FLUID POWER TECHNOLOGY COLTD,SHENZHEN SPHERICAL FLUID POWER TECHNOLOGY COLTD,CN
Shenzhen Technology University,SHENZHEN TECHNOLOGY UNIVERSITY,SHENZHEN TECHNOLOGY UNIVERSITY,CN
"Shenzhen XiaoR Geek Technology Co., Ltd",SHENZHEN XIAOR GEEK TECHNOLOGY,SHENZHEN XIAOR GEEK TECHNOLOGY,CN
"SHENZHEN YOUIBOT ROBOTICS CO., LTD.",SHENZHEN YOUIBOT ROBOTICS,SHENZHEN YOUIBOT ROBOTICS,CN
SHIMIZU CORPORATION,SHIMIZU,SHIMIZU,JP
"SHINANO KENSHI CO., LTD.",SHINANO KENSHI,SHINANO KENSHI,JP
SICK AG,SICK,SICK,DE
SIDEL PACKING SOLUTIONS,SIDEL PACKING SOLUTIONS,SIDEL PACKING SOLUTIONS,FR
SIEMENS AKTIENGESELLSCHAFT,SIEMENS,SIEMENS,DE
"SIEMENS LTD., CHINA",SIEMENS CHINA,SIEMENS CHINA,CN
SIEMENS HEALTHCARE GMBH,SIEMENS HEALTHCARE,SIEMENS HEALTHCARE,DE
Siemens Healthcare Diagnostics Inc.,SIEMENS HEALTHCARE DIAGNOSTICS,SIEMENS HEALTHCARE DIAGNOSTICS,US
SIEMENS HEALTHINEERS AG,SIEMENS HEALTHINEERS,SIEMENS HEALTHINEERS,DE
SIEMENS INDUSTRY SOFTWARE LTD.,SIEMENS INDUSTRY SOFTWARE,SIEMENS INDUSTRY SOFTWARE,IL
SILICON LABORATORIES INC.,SILICON LABORATORIES,SILICON LABORATORIES,US
"Sinfonia Technology Co., Ltd.",SINFONIA TECHNOLOGY,SINFONIA TECHNOLOGY,JP
"SINTOKOGIO, LTD.",SINTOKOGIO,SINTOKOGIO,JP
SISU DEVICES LLC,SISU DEVICES,SISU DEVICES,US
SKEL-EX HOLDING B.V.,SKEL-EX,SKEL-EX,NL
Skyline Robotics Ltd.,SKYLINE ROBOTICS,SKYLINE ROBOTICS,IL
"SKYLLA TECHNOLOGIES, INC.",SKYLLA TECHNOLOGIES,SKYLLA TECHNOLOGIES,US
SMC CORPORATION,SMC,SMC,JP
SMW-AUTOBLOK SPANNSYSTEME GMBH,SMW-AUTOBLOK SPANNSYSTEME,SMW-AUTOBLOK SPANNSYSTEME,DE
SOCIETE DE COMMERCIALISATION DES PRODUITS DE LA RECHERCHE APPLIQUEE SOCPRA SCIENCES ET GENIE S.E.C.,SOCIETE DE COMMERCIALISATION DES PRODUITS DE LA RECHERCHE APPLIQUEE SOCPRA SCIENCES ET GENIE SEC,SOCIETE DE COMMERCIALISATION DES PRODUITS DE LA RECHERCHE APPLIQUEE SOCPRA SCIENCES ET GENIE SEC,CA
"SOFT ROBOTICS, INC.",SOFT ROBOTICS,SOFT ROBOTICS/OXIPITAL,US
"Soft Robotics, Inc.",SOFT ROBOTICS,SOFT ROBOTICS/OXIPITAL,US
SOFTBANK ROBOTICS EUROPE,SOFTBANK ROBOTICS EUROPE,SOFTBANK ROBOTICS,FR
SOFTBOX PATENTS APS,SOFTBOX PATENTS,SOFTBOX PATENTS,DK
"SOFTWEAR AUTOMATION, INC.",SOFTWEAR AUTOMATION,SOFTWEAR AUTOMATION,US
SOMATIS SENSOR SOLUTIONS LLC,SOMATIS SENSOR SOLUTIONS,SOMATIS SENSOR SOLUTIONS,US
SONY CORPORATION,SONY,SONY,JP
Sony Corporation,SONY,SONY,JP
SONY GROUP CORPORATION,SONY GROUP,SONY,JP
Sony Interactive Entertainment Inc.,SONY INTERACTIVE ENTERTAINMENT,SONY,JP
SONY INTERACTIVE ENTERTAINMENT INC.,SONY INTERACTIVE ENTERTAINMENT,SONY,JP
SOOCHOW UNIVERSITY,SOOCHOW UNIVERSITY,SOOCHOW UNIVERSITY,CN
SOUTHEAST UNIVERSITY,SOUTHEAST UNIVERSITY,SOUTHEAST UNIVERSITY,CN
"SOUTHERN FABRICATION WORKS, LLC",SOUTHERN FABRICATION WORKS,SOUTHERN FABRICATION WORKS,US
"SOUTHIE AUTONOMY WORKS, LLC",SOUTHIE AUTONOMY WORKS,SOUTHIE AUTONOMY WORKS,US
SOUTHWEST RESEARCH INSTITUTE,SOUTHWEST RESEARCH INSTITUTE,SOUTHWEST RESEARCH INSTITUTE,US
Spaero Inc.,SPAERO,SPAERO,US
SPIN MASTER LTD.,SPIN MASTER,SPIN MASTER,CA
SPOON,SPOON,SPOON,FR
SQ Technology (Shanghai) Corporation,SQ TECHNOLOGY (SHANGHAI),SQ TECHNOLOGY (SHANGHAI),CN
SRI INTERNATIONAL,SRI INTERNATIONAL,SRI INTERNATIONAL,US
SSI SCHÄFER AUTOMATION GMBH (DE),SSI SCHÄFER AUTOMATION (DE),SSI SCHÄFER AUTOMATION (DE),DE
STAUBLI FAVERGES,STAUBLI FAVERGES,STAUBLI FAVERGES,FR
STC.UNM,STCUNM,STCUNM,US
Stephen Favis,STEPHEN FAVIS,STEPHEN FAVIS,US
"STMICROELECTRONICS, INC.",STMICROELECTRONICS,STMICROELECTRONICS,US
STREAMLINE BIO TAIWAN,STREAMLINE BIO TAIWAN,STREAMLINE BIO TAIWAN,TW
STRYKER CORPORATION,STRYKER,STRYKER,US
SUBARU CORPORATION,SUBARU,SUBARU,JP
"SUMITOMO HEAVY INDUSTRIES, LTD.",SUMITOMO HEAVY INDUSTRIES,SUMITOMO HEAVY INDUSTRIES,JP
SUN YAT-SEN UNIVERSITY,SUN YAT-SEN UNIVERSITY,SUN YAT-SEN UNIVERSITY,CN
"SUNGWOO HITECH CO., LTD.",SUNGWOO HITECH,SUNGWOO HITECH,KR
"SUNRISE R&D HOLDINGS, LLC",SUNRISE R&D,SUNRISE R&D,US
"SUZHOU AMTF ROBOTS CO., LTD",SUZHOU AMTF ROBOTS,SUZHOU AMTF ROBOTS,CN
SW AUTOMATION GMBH,SW AUTOMATION,SW AUTOMATION,DE
SWIMC LLC,SWIMC,SWIMC,US
Symbol Robotics Inc.,SYMBOL ROBOTICS,SYMBOL ROBOTICS,US
"SYMBOTIC CANADA, ULC",SYMBOTIC CANADA ULC,SYMBOTIC CANADA ULC,CA
SYNCMOLD ENTERPRISE CORP.,SYNCMOLD ENTERPRISE,SYNCMOLD ENTERPRISE,TW
"SYNOPSYS, INC.",SYNOPSYS,SYNOPSYS,US
"SYRIUS ROBOTICS CO., LTD.",SYRIUS ROBOTICS,SYRIUS ROBOTICS,CN
"T.A. SYSTEMS, INC.",TA SYSTEMS,TA SYSTEMS,US
Tacta Systems Inc.,TACTA SYSTEMS,TACTA SYSTEMS,US
TAKATORI CORPORATION,TAKATORI,TAKATORI,JP
TAKEDA PHARMACEUTICAL COMPANY LIMITED,TAKEDA PHARMACEUTICAL,TAKEDA PHARMACEUTICAL,JP
"Target Brands, Inc.",TARGET BRANDS,TARGET BRANDS,US
Tata Consultancy Services Limited,TATA CONSULTANCY SERVICES,TATA CONSULTANCY SERVICES,IN
TATA CONSULTANCY SERVICES LIMITED,TATA CONSULTANCY SERVICES,TATA CONSULTANCY SERVICES,IN
TE CONNECTIVITY CORPORATION,TE CONNECTIVITY,TE CONNECTIVITY,US
TE Connectivity Solutions GmbH,TE CONNECTIVITY SOLUTIONS,TE CONNECTIVITY SOLUTIONS,CH
TECHMAN ROBOT INC.,TECHMAN ROBOT,TECHMAN ROBOT,TW
TECHNISCHE UNIVERSITÄT MÜNCHEN,TECHNISCHE UNIVERSITÄT MÜNCHEN,TECHNISCHE UNIVERSITÄT MÜNCHEN,DE
Technische Universität München,TECHNISCHE UNIVERSITÄT MÜNCHEN,TECHNISCHE UNIVERSITÄT MÜNCHEN,DE
Techno Olympus Co. LTD.,TECHNO OLYMPUS,TECHNO OLYMPUS,JP
Technologies Holding Corp.,TECHNOLOGIES,TECHNOLOGIES,US
Techolution Consulting LLC,TECHOLUTION CONSULTING,TECHOLUTION CONSULTING,US
TEENAGE ENGINEERING AB,TEENAGE ENGINEERING,TEENAGE ENGINEERING,SE
"TELEDYNE FLIR DEFENSE, INC.",TELEDYNE FLIR DEFENSE,TELEDYNE FLIR DEFENSE,US
TELEFONAKTIEBOLAGET LM ERICSSON (PUBL),TELEFONAKTIEBOLAGET LM ERICSSON (PUBL),TELEFONAKTIEBOLAGET LM ERICSSON (PUBL),SE
TELEXISTENCE INC.,TELEXISTENCE,TELEXISTENCE,JP
TEMPLE UNIVERSITY-OF THE COMMONWEALTH SYSTEM OF HIGHER EDUCATION,TEMPLE UNIVERSITY-OF THE COMMONWEALTH SYSTEM OF HIGHER EDUCATION,TEMPLE UNIVERSITY-OF THE COMMONWEALTH SYSTEM OF HIGHER EDUCATION,US
TENCENT AMERICA LLC,TENCENT AMERICA,TENCENT AMERICA,US
TENCENT TECHNOLOGY (SHENZHEN) COMPANY LIMITED,TENCENT TECHNOLOGY (SHENZHEN),TENCENT TECHNOLOGY (SHENZHEN),CN
Tencent Technology (Shenzhen) Company Limited,TENCENT TECHNOLOGY (SHENZHEN),TENCENT TECHNOLOGY (SHENZHEN),CN
Teng-Jen Yang,TENG-JEN YANG,TENG-JEN YANG,TW
"TERADYNE, INC.",TERADYNE,TERADYNE,US
"TESSERACT VENTURES, LLC",TESSERACT VENTURES,TESSERACT VENTURES,US
TEXAS INSTRUMENTS INCORPORATED,TEXAS INSTRUMENTS,TEXAS INSTRUMENTS,US
TGW LOGISTICS GMBH,TGW LOGISTICS,TGW LOGISTICS,AT
TGW LOGISTICS GROUP GMBH,TGW LOGISTICS GROUP,TGW LOGISTICS GROUP,AT
The ADT Security Corporation,THE ADT SECURITY,THE ADT SECURITY,US
The AES Corporation,THE AES,THE AES,US
The Board of Trustees of the Leland Stanford Junior University,THE BOARD OF TRUSTEES OF THE LELAND STANFORD JUNIOR UNIVERSITY,THE BOARD OF TRUSTEES OF THE LELAND STANFORD JUNIOR UNIVERSITY,US
THE BOARD OF TRUSTEES OF THE LELAND STANFORD JUNIOR UNIVERSITY,THE BOARD OF TRUSTEES OF THE LELAND STANFORD JUNIOR UNIVERSITY,THE BOARD OF TRUSTEES OF THE LELAND STANFORD JUNIOR UNIVERSITY,US
THE BOARD OF TRUSTEES OF THE UNIVERSITY OF ALABAMA,THE BOARD OF TRUSTEES OF THE UNIVERSITY OF ALABAMA,THE BOARD OF TRUSTEES OF THE UNIVERSITY OF ALABAMA,US
The Boeing Company,THE BOEING,THE BOEING,US
THE BOEING COMPANY,THE BOEING,THE BOEING,US
THE CHINESE UNIVERSITY OF HONG KONG,THE CHINESE UNIVERSITY OF HONG KONG,THE CHINESE UNIVERSITY OF HONG KONG,CN
THE CLEVELAND CLINIC FOUNDATION,THE CLEVELAND CLINIC FOUNDATION,THE CLEVELAND CLINIC FOUNDATION,US
The Curators of the University of Missouri,THE CURATORS OF THE UNIVERSITY OF MISSOURI,THE CURATORS OF THE UNIVERSITY OF MISSOURI,US
THE FIRST AFFILIATED HOSPITAL OF NAVAL MEDICAL UNIVERSITY,THE FIRST AFFILIATED HOSPITAL OF NAVAL MEDICAL UNIVERSITY,THE FIRST AFFILIATED HOSPITAL OF NAVAL MEDICAL UNIVERSITY,CN
THE GOVERNMENT OF THE UNITED STATES AS REPRESENTED BY THE SECRETARY OF THE AIR FORCE,THE GOVERNMENT OF THE UNITED STATES AS REPRESENTED BY THE SECRETARY OF THE AIR FORCE,THE GOVERNMENT OF THE UNITED STATES AS REPRESENTED BY THE SECRETARY OF THE AIR FORCE,US
"The Government of the United States of America, as represented by the Secretary of Homeland Security",THE GOVERNMENT OF THE UNITED STATES OF AMERICA AS REPRESENTED BY THE SECRETARY OF HOMELAND SECURITY,THE GOVERNMENT OF THE UNITED STATES OF AMERICA AS REPRESENTED BY THE SECRETARY OF HOMELAND SECURITY,US
THE HONG KONG UNIVERSITY OF SCIENCE AND TECHNOLOGY,THE HONG KONG UNIVERSITY OF SCIENCE AND TECHNOLOGY,THE HONG KONG UNIVERSITY OF SCIENCE AND TECHNOLOGY,CN
THE JOHNS HOPKINS UNIVERSITY,THE JOHNS HOPKINS UNIVERSITY,THE JOHNS HOPKINS UNIVERSITY,US
THE REGENTS OF THE UNIVERSITY OF CALIFORNIA,THE REGENTS OF THE UNIVERSITY OF CALIFORNIA,THE REGENTS OF THE UNIVERSITY OF CALIFORNIA,US
The Regents of the University of California,THE REGENTS OF THE UNIVERSITY OF CALIFORNIA,THE REGENTS OF THE UNIVERSITY OF CALIFORNIA,US
The Regents of the University of Colorado,THE REGENTS OF THE UNIVERSITY OF COLORADO,THE REGENTS OF THE UNIVERSITY OF COLORADO,US
THE RESEARCH FOUNDATION FOR THE STATE UNIVERSITY OF NEW YORK,THE RESEARCH FOUNDATION FOR THE STATE UNIVERSITY OF NEW YORK,THE RESEARCH FOUNDATION FOR THE STATE UNIVERSITY OF NEW YORK,US
"THE STATE OF ISRAEL, MINISTRY OF AGRICULTURE & RURAL DEVELOPMENT, AGRICULTURAL RESEARCH ORGANIZATION (ARO) (VOLCANI INSTITUTE)",THE STATE OF ISRAEL MINISTRY OF AGRICULTURE & RURAL DEVELOPMENT AGRICULTURAL RESEARCH ORGANIZATION (ARO) (VOLCANI INSTITUTE),THE STATE OF ISRAEL MINISTRY OF AGRICULTURE & RURAL DEVELOPMENT AGRICULTURAL RESEARCH ORGANIZATION (ARO) (VOLCANI INSTITUTE),IL
THE TRUSTEES OF THE UNIVERSITY OF PENNSYLVANIA,THE TRUSTEES OF THE UNIVERSITY OF PENNSYLVANIA,THE TRUSTEES OF THE UNIVERSITY OF PENNSYLVANIA,US
"The United States of America, as represented by the Secretary of the Navy",THE UNITED STATES OF AMERICA AS REPRESENTED BY THE SECRETARY OF THE NAVY,THE UNITED STATES OF AMERICA AS REPRESENTED BY THE SECRETARY OF THE NAVY,US
The United States of America as represented by the Secretary of the U.S. Navy,THE UNITED STATES OF AMERICA AS REPRESENTED BY THE SECRETARY OF THE US NAVY,THE UNITED STATES OF AMERICA AS REPRESENTED BY THE SECRETARY OF THE US NAVY,US
THE UNIVERSITY OF CHICAGO,THE UNIVERSITY OF CHICAGO,THE UNIVERSITY OF CHICAGO,US
THE UNIVERSITY OF QUEENSLAND,THE UNIVERSITY OF QUEENSLAND,THE UNIVERSITY OF QUEENSLAND,AU
THERMO CRS LTD.,THERMO CRS,THERMO CRS,CA
"THK CO., LTD.",THK,THK,JP
"THOR TECH, INC.",THOR TECH,THOR TECH,US
"TIANJIN SAIXIANG TECHNOLOGY CO., LTD",TIANJIN SAIXIANG TECHNOLOGY,TIANJIN SAIXIANG TECHNOLOGY,CN
"TMGCore, LLC",TMGCORE,TMGCORE,US
"TMGCORE, LLC",TMGCORE,TMGCORE,US
TOKYO INSTITUTE OF TECHNOLOGY,TOKYO INSTITUTE OF TECHNOLOGY,TOKYO INSTITUTE OF TECHNOLOGY,JP
"Tompkins Robotics, Inc.",TOMPKINS ROBOTICS,TOMPKINS ROBOTICS,US
KABUSHIKI KAISHA TOSHIBA,TOSHIBA,TOSHIBA,JP
Kabushiki Kaisha Toshiba,TOSHIBA,TOSHIBA,JP
TOSHIBA KIKAI KABUSHIKI KAISHA,TOSHIBA KIKAI,TOSHIBA KIKAI,JP
TOYOTA JIDOSHA KABUSHIKI KAISHA,TOYOTA JIDOSHA,TOYOTA,JP
Toyota Jidosha Kabushiki Kaisha,TOYOTA JIDOSHA,TOYOTA,JP
TOYOTA JIDOSHA KABICHIKI KAISHA,TOYOTA JIDOSHA KABICHIKI KAISHA,TOYOTA,JP
"Toyota Motor Engineering & Manufacturing North America, Inc.",TOYOTA MOTOR ENGINEERING & MANUFACTURING NORTH AMERICA,TOYOTA,US
"TOYOTA MOTOR ENGINEERING & MANUFACTURING NORTH AMERICA, INC.",TOYOTA MOTOR ENGINEERING & MANUFACTURING NORTH AMERICA,TOYOTA,US
"TOYOTA MOTOR ENGINEERING & MANUFACUTRING NORTH AMERICA, INC.",TOYOTA MOTOR ENGINEERING & MANUFACUTRING NORTH AMERICA,TOYOTA,US
"TOYOTA RESEARCH INSTITUTE, INC.",TOYOTA RESEARCH INSTITUTE,TOYOTA,US
"Toyota Research Institute, Inc.",TOYOTA RESEARCH INSTITUTE,TOYOTA,US
TRANSOCEAN SEDCO FOREX VENTURES LIMITED,TRANSOCEAN SEDCO FOREX VENTURES,TRANSOCEAN SEDCO FOREX VENTURES,BM
"Traptic, Inc.",TRAPTIC,TRAPTIC,US
TRUE POSITION ROBOTICS LIMITED,TRUE POSITION ROBOTICS,TRUE POSITION ROBOTICS,GB
TruPhysics GmbH,TRUPHYSICS,TRUPHYSICS,DE
TSINGHUA UNIVERSITY,TSINGHUA UNIVERSITY,TSINGHUA UNIVERSITY,CN
TSUDAKOMA KOGYO KABUSHIKI KAISHA,TSUDAKOMA KOGYO,TSUDAKOMA KOGYO,JP
TVI ENTWICKLUNG & PRODUKTION GMBH,TVI ENTWICKLUNG & PRODUKTION,TVI ENTWICKLUNG & PRODUKTION,DE
"TWINNY CO., LTD.",TWINNY,TWINNY,KR
Tyco Electronics (Shanghai) Co. Ltd.,TYCO ELECTRONICS (SHANGHAI),TYCO ELECTRONICS (SHANGHAI),CN
TYCO ELECTRONICS (SHANGHAI) CO. LTD.,TYCO ELECTRONICS (SHANGHAI),TYCO ELECTRONICS (SHANGHAI),CN
"Tyson Foods, Inc.",TYSON FOODS,TYSON FOODS,US
"UBKANG (QINGDAO) TECHNOLOGY CO., LTD.",UBKANG (QINGDAO) TECHNOLOGY,UBKANG (QINGDAO) TECHNOLOGY,CN
UBTECH NORTH AMERICA RESEARCH AND DEVELOPMENT CENTER CORP,UBTECH NORTH AMERICA RESEARCH AND DEVELOPMENT CENTER,UBTECH,US
UBTECH Robotics Corp.,UBTECH ROBOTICS,UBTECH,CN
UBTECH ROBOTICS CORP.,UBTECH ROBOTICS,UBTECH,CN
UBTECH ROBOTICS CORP,UBTECH ROBOTICS,UBTECH,CN
UBTECH Robotics Corp,UBTECH ROBOTICS,UBTECH,CN
UBTECH ROBOTICS CORP LTD,UBTECH ROBOTICS,UBTECH,CN
"UIPATH, INC.",UIPATH,UIPATH,US
"ULTRALOGIC 6G, LLC",ULTRALOGIC 6G,ULTRALOGIC 6G,US
United Arab Emirates University,UNITED ARAB EMIRATES UNIVERSITY,UNITED ARAB EMIRATES UNIVERSITY,AE
"UNITED PARCEL SERVICE OF AMERICA, INC.",UNITED PARCEL SERVICE OF AMERICA,UNITED PARCEL SERVICE OF AMERICA,US
UNITED SEVEN CORPORATION,UNITED SEVEN,UNITED SEVEN,JP
"United States of America, as represented by the Secretary of the Navy",UNITED STATES OF AMERICA AS REPRESENTED BY THE SECRETARY OF THE NAVY,UNITED STATES OF AMERICA AS REPRESENTED BY THE SECRETARY OF THE NAVY,US
UNIVERSAL CITY STUDIOS LLC,UNIVERSAL CITY STUDIOS,UNIVERSAL CITY STUDIOS,US
Universal City Studios LLC,UNIVERSAL CITY STUDIOS,UNIVERSAL CITY STUDIOS,US
UNIVERSAL ROBOTS A/S,UNIVERSAL ROBOTS A/S,UNIVERSAL ROBOTS A/S,DK
UNIVERSITA DI PISA,UNIVERSITA DI PISA,UNIVERSITA DI PISA,IT
UNIVERSITA' DEGLI STUDI DI FIRENZE,UNIVERSITA' DEGLI STUDI DI FIRENZE,UNIVERSITA' DEGLI STUDI DI FIRENZE,IT
UNIVERSITA' DI PISA,UNIVERSITA' DI PISA,UNIVERSITA' DI PISA,IT
"UNIVERSITY OF CENTRAL FLORIDA RESEARCH FOUNDATION, INC.",UNIVERSITY OF CENTRAL FLORIDA RESEARCH FOUNDATION,UNIVERSITY OF CENTRAL FLORIDA RESEARCH FOUNDATION,US
UNIVERSITY OF ELECTRONIC SCIENCE AND TECHNOLOGY OF CHINA,UNIVERSITY OF ELECTRONIC SCIENCE AND TECHNOLOGY OF CHINA,UNIVERSITY OF ELECTRONIC SCIENCE AND TECHNOLOGY OF CHINA,CN
"UNIVERSITY OF FLORIDA RESEARCH FOUNDATION, INCORPORATED",UNIVERSITY OF FLORIDA RESEARCH FOUNDATION,UNIVERSITY OF FLORIDA RESEARCH FOUNDATION,US
"UNIVERSITY OF LOUISVILLE RESEARCH FOUNDATION, INC.",UNIVERSITY OF LOUISVILLE RESEARCH FOUNDATION,UNIVERSITY OF LOUISVILLE RESEARCH FOUNDATION,US
University of Science and Technology Beijing,UNIVERSITY OF SCIENCE AND TECHNOLOGY BEIJING,UNIVERSITY OF SCIENCE AND TECHNOLOGY BEIJING,CN
UNIVERSITY OF SOUTH FLORIDA,UNIVERSITY OF SOUTH FLORIDA,UNIVERSITY OF SOUTH FLORIDA,US
University of South Florida,UNIVERSITY OF SOUTH FLORIDA,UNIVERSITY OF SOUTH FLORIDA,US
UNIVERSITY OF SOUTHERN CALIFORNIA,UNIVERSITY OF SOUTHERN CALIFORNIA,UNIVERSITY OF SOUTHERN CALIFORNIA,US
UNIVERSITY OF TSUKUBA,UNIVERSITY OF TSUKUBA,UNIVERSITY OF TSUKUBA,JP
UNIVERSITY OF WASHINGTON,UNIVERSITY OF WASHINGTON,UNIVERSITY OF WASHINGTON,US
UNIVERSITÉ DE REIMS CHAMPAGNE-ARDENNE,UNIVERSITÉ DE REIMS CHAMPAGNE-ARDENNE,UNIVERSITÉ DE REIMS CHAMPAGNE-ARDENNE,FR
"UT-BATTELLE, LLC",UT-BATTELLE,UT-BATTELLE,US
UTECO CONVERTING S.P.A.,UTECO CONVERTING,UTECO CONVERTING,IT
"UTILITY DESIGN SERVICES, INC.",UTILITY DESIGN SERVICES,UTILITY DESIGN SERVICES,US
VAIA TECHNOLOGIES LLC,VAIA TECHNOLOGIES,VAIA TECHNOLOGIES,US
VANABOT LTD,VANABOT,VANABOT,GB
VANDERBILT UNIVERSITY,VANDERBILT UNIVERSITY,VANDERBILT UNIVERSITY,US
VDL ENABLING TECHNOLOGIES GROUP B.V.,VDL ENABLING TECHNOLOGIES GROUP,VDL ENABLING TECHNOLOGIES GROUP,NL
"Vecna Robotics, Inc.",VECNA ROBOTICS,VECNA ROBOTICS,US
"VECNA TECHNOLOGIES, INC.",VECNA TECHNOLOGIES,VECNA TECHNOLOGIES,US
"VECTIS AUTOMATION, LLC",VECTIS AUTOMATION,VECTIS AUTOMATION,US
"Vehicle Service Group, LLC",VEHICLE SERVICE GROUP,VEHICLE SERVICE GROUP,US
VELEC SYSTEMS,VELEC SYSTEMS,VELEC SYSTEMS,FR
"VEO ROBOTICS, INC.",VEO ROBOTICS,VEO ROBOTICS,US
"VEOLIA NUCLEAR SOLUTIONS, INC.",VEOLIA NUCLEAR SOLUTIONS,VEOLIA NUCLEAR SOLUTIONS,US
VERILY LIFE SCIENCES LLC,VERILY LIFE SCIENCES,ALPHABET,US
"VERSABUILT, INC.",VERSABUILT,VERSABUILT,US
"Vesuvius Group, S.A.",VESUVIUS GROUP,VESUVIUS GROUP,BE
Victoria Hewitt,VICTORIA HEWITT,VICTORIA HEWITT,US
VIETTEL GROUP,VIETTEL GROUP,VIETTEL GROUP,VN
VIRALINT PTE LTD,VIRALINT PTE,VIRALINT PTE,SG
"VIRGINIA TECH INTELLECTUAL PROPERTIES, INC.",VIRGINIA TECH INTELLECTUAL PROPERTIES,VIRGINIA TECH INTELLECTUAL PROPERTIES,US
VISIONNAV ROBOTICS USA INC.,VISIONNAV ROBOTICS USA,VISIONNAV ROBOTICS USA,US
VisionNav Robotics USA Inc.,VISIONNAV ROBOTICS USA,VISIONNAV ROBOTICS USA,US
Volkswagen AG,VOLKSWAGEN,VOLKSWAGEN,미상
Volkswagen Aktiengesellschaft,VOLKSWAGEN,VOLKSWAGEN,미상
VOLVO TRUCK CORPORATION,VOLVO TRUCK,VOLVO TRUCK,SE
VORWERK & CO. INTERHOLDING GMBH,VORWERK & CO INTERHOLDING,VORWERK & CO INTERHOLDING,DE
"Vostro Medical Technology (Tianjin) Co., Ltd",VOSTRO MEDICAL TECHNOLOGY (TIANJIN),VOSTRO MEDICAL TECHNOLOGY (TIANJIN),CN
"Walmart Apollo, LLC",WALMART APOLLO,WALMART APOLLO,US
Walton Richardson,WALTON RICHARDSON,WALTON RICHARDSON,US
WARNER BROS. ENTERTAINMENT INC.,WARNER BROS ENTERTAINMENT,WARNER BROS ENTERTAINMENT,US
WASEDA UNIVERSITY,WASEDA UNIVERSITY,WASEDA UNIVERSITY,JP
WASTE ROBOTICS INC.,WASTE ROBOTICS,WASTE ROBOTICS,CA
Watney Robotics Inc.,WATNEY ROBOTICS,WATNEY ROBOTICS,US
Wen-Der Trui,WEN-DER TRUI,WEN-DER TRUI,TW
"WESTERN DIGITAL TECHNOLOGIES, INC.",WESTERN DIGITAL TECHNOLOGIES,WESTERN DIGITAL TECHNOLOGIES,US
WHIRLPOOL CORPORATION,WHIRLPOOL,WHIRLPOOL,US
WICHITA STATE UNIVERSITY,WICHITA STATE UNIVERSITY,WICHITA STATE UNIVERSITY,US
William Lukac Yankanin Boychuck,WILLIAM LUKAC YANKANIN BOYCHUCK,WILLIAM LUKAC YANKANIN BOYCHUCK,US
William Miller,WILLIAM MILLER,WILLIAM MILLER,US
"Willow Garage, Inc.",WILLOW GARAGE,WILLOW GARAGE,US
"WILLOW GARAGE, LLC",WILLOW GARAGE,WILLOW GARAGE,US
WINBOND ELECTRONICS CORP.,WINBOND ELECTRONICS,WINBOND ELECTRONICS,TW
Wipro Limited,WIPRO,WIPRO,IN
Wisconsin Alumni Research Foundation,WISCONSIN ALUMNI RESEARCH FOUNDATION,WISCONSIN ALUMNI RESEARCH FOUNDATION,US
WITTMANN KUNSTSTOFFGERÄTE GMBH,WITTMANN KUNSTSTOFFGERÄTE,WITTMANN KUNSTSTOFFGERÄTE,AT
WORCESTER POLYTECHNIC INSTITUTE,WORCESTER POLYTECHNIC INSTITUTE,WORCESTER POLYTECHNIC INSTITUTE,US
Workshops for Warriors,WORKSHOPS FOR WARRIORS,WORKSHOPS FOR WARRIORS,US
X DEVELOPMENT LLC,X DEVELOPMENT,ALPHABET,US
X Development LLC,X DEVELOPMENT,ALPHABET,US
X-TEND ROBOTICS INC.,X-TEND ROBOTICS,X-TEND ROBOTICS,US
XI'AN JIAOTONG UNIVERSITY,XI'AN JIAOTONG UNIVERSITY,XI'AN JIAOTONG UNIVERSITY,CN
"XYZ, INC.",XYZ,XYZ,KR
XYZ INC.,XYZ,XYZ,KR
"Y SOFT CORPORATION, A.S.",Y SOFT AS,Y SOFT AS,미상
YAMAHA HATSUDOKI KABUSHIKI KAISHA,YAMAHA HATSUDOKI,YAMAHA HATSUDOKI,JP
YANSHAN UNIVERSITY,YANSHAN UNIVERSITY,YANSHAN UNIVERSITY,CN
Yanshan University,YANSHAN UNIVERSITY,YANSHAN UNIVERSITY,CN
KABUSHIKI KAISHA YASAKAWA DENKI,YASAKAWA DENKI,YASAKAWA DENKI,JP
KABUSHIKI KAISHA YASKA WA DENKI,YASKA WA DENKI,YASKA WA DENKI,JP
KABUSHIKI KAISHA YASKAWA DENKI,YASKAWA DENKI,YASKAWA,JP
Young Ji Ko,YOUNG JI KO,YOUNG JI KO,KR
Yuefeng Li,YUEFENG LI,YUEFENG LI,CN
"Yuilrobotics, co., Ltd.",YUILROBOTICS,YUILROBOTICS,KR
"YUJIN ROBOT CO., LTD.",YUJIN ROBOT,YUJIN ROBOT,KR
"YUTOU TECHNOLOGY (HANGZHOU) CO., LTD.",YUTOU TECHNOLOGY (HANGZHOU),YUTOU TECHNOLOGY (HANGZHOU),CN
ZEBRA TECHNOLOGIES CORPORATION,ZEBRA TECHNOLOGIES,ZEBRA TECHNOLOGIES,US
"ZHEJIANG QIANGNAO TECHNOLOGY CO., LTD.",ZHEJIANG QIANGNAO TECHNOLOGY,ZHEJIANG QIANGNAO TECHNOLOGY,CN
ZHEJIANG UNIVERSITY,ZHEJIANG UNIVERSITY,ZHEJIANG UNIVERSITY,CN
Zhejiang University,ZHEJIANG UNIVERSITY,ZHEJIANG UNIVERSITY,CN
"Zhuhai Amicro Semiconductor Co., Ltd.",ZHUHAI AMICRO SEMICONDUCTOR,ZHUHAI AMICRO SEMICONDUCTOR,CN
